Wort Deutsch;Wort Pinyin ;Wortart;Satz Pinyin;Satz Deutsch;Wort Hanyu;Satz Hanyu;ID;Lektion
* HSK 5;* HSK 5;* HSK 5;* HSK 5;* HSK 5;* HSK 5;* HSK 5;* HSK 5;* HSK 5
Warum;āi;Interjektion;;[sound of surprise or unhappiness];哎;;HSK5-0001;HSK5 / 1-50
Also;āi;Interjektion;;[sound of a sigh];唉;;HSK5-0002;HSK5 / 1-50
schätzen;àihù;Verb;;to treasure;爱护;;HSK5-0003;HSK5 / 1-50
schätzen;àixī;Verb;;to cherish;爱惜;;HSK5-0004;HSK5 / 1-50
Liebe;àixīn;Nomen;;compassion, kindness;爱心;;HSK5-0005;HSK5 / 1-50
dunkel;àn;Adjektiv;;dark;暗;;HSK5-0006;HSK5 / 1-50
Ufer;àn;Nomen;;coast, bank (of a river);岸;;HSK5-0007;HSK5 / 1-50
Komfort;ānwèi;Nomen;;consolation;安慰;;HSK5-0008;HSK5 / 1-50
Komfort;ānwèi;Verb;;to console;安慰;;HSK5-0009;HSK5 / 1-50
Installieren;ānzhuāng;Verb;;to install;安装;;HSK5-0010;HSK5 / 1-50
bleib wach;áoyè;Verb;;to be up all night;熬夜;;HSK5-0011;HSK5 / 1-50
setzen;bǎi;Verb;;to arrange, to exhibit;摆;;HSK5-0012;HSK5 / 1-50
Abend;bàngwǎn;Nomen;;evening;傍晚;;HSK5-0013;HSK5 / 1-50
Verarbeitung;bànlǐ;Verb;;to handle (official business), to process;办理;;HSK5-0014;HSK5 / 1-50
Dünn;báo;Adjektiv;;thin (e.g. of clothing);薄;;HSK5-0015;HSK5 / 1-50
Baby;bǎobèi;Nomen;;treasure, baby (term of affection);宝贝;;HSK5-0016;HSK5 / 1-50
Halten;bǎochí;Verb;;to maintain, to keep;保持;;HSK5-0017;HSK5 / 1-50
speichern;bǎocún;Verb;;to save (a file, etc.);保存;;HSK5-0018;HSK5 / 1-50
Bericht;bàodào;Nomen;;(news) report;报道;;HSK5-0019;HSK5 / 1-50
einchecken;bàodào;Verb;;to report for duty, to check in;报到;;HSK5-0020;HSK5 / 1-50
Bericht;bàodào;Verb;;to report (on the news);报道;;HSK5-0021;HSK5 / 1-50
Bericht;bàogào;Nomen;;(work) report;报告;;HSK5-0022;HSK5 / 1-50
Bericht;bàogào;Verb;;to report;报告;;HSK5-0023;HSK5 / 1-50
wertvoll;bǎoguì;Adjektiv;;valuable, precious;宝贵;;HSK5-0024;HSK5 / 1-50
Pack;bāoguǒ;Nomen;;package;包裹;;HSK5-0025;HSK5 / 1-50
Enthalten;bāohán;Verb;;to contain, to embody;包含;;HSK5-0026;HSK5 / 1-50
enthalten;bāokuò;Verb;;to include, to involve;包括;;HSK5-0027;HSK5 / 1-50
reservieren;bǎoliú;Verb;;to retain, to preserve;保留;;HSK5-0028;HSK5 / 1-50
Zeitung;bàoshè;Nomen;;newspaper (company);报社;;HSK5-0029;HSK5 / 1-50
Versicherung;bǎoxiǎn;Nomen;;insurance;保险;;HSK5-0030;HSK5 / 1-50
beschweren;bàoyuàn;Nomen;;complaint;抱怨;;HSK5-0031;HSK5 / 1-50
beschweren;bàoyuàn;Verb;;to complain;抱怨;;HSK5-0032;HSK5 / 1-50
fassen;bǎwò;Nomen;;certainty (of an outcome);把握;;HSK5-0033;HSK5 / 1-50
fassen;bǎwò;Verb;;to grasp;把握;;HSK5-0034;HSK5 / 1-50
zurück;bèi;Nomen;;(one's) back;背;;HSK5-0035;HSK5 / 1-50
zurück;bēi;Verb;;to recite from memory, to learn by heart;背;;HSK5-0036;HSK5 / 1-50
pessimistisch;bēiguān;Adjektiv;;pessimistic;悲观;;HSK5-0037;HSK5 / 1-50
Hintergrund;bèijǐng;Nomen;;background;背景;;HSK5-0038;HSK5 / 1-50
Decke;bèizi;Nomen;;quilt, comforter;被子;;HSK5-0039;HSK5 / 1-50
Bachelor-Abschluss;běnkē;Nomen;;undergraduate course of study;本科;;HSK5-0040;HSK5 / 1-50
Fähigkeit;běnlǐng;Nomen;;learnable skill, ability;本领;;HSK5-0041;HSK5 / 1-50
Natur;běnzhì;Nomen;;essence, nature;本质;;HSK5-0042;HSK5 / 1-50
Komfortabel;biàn;Adverb;;soon afterwards;便;;HSK5-0043;HSK5 / 1-50
bearbeiten;biānjí;Verb;;to edit;编辑;;HSK5-0044;HSK5 / 1-50
Debatte;biànlùn;Nomen;;debate;辩论;;HSK5-0045;HSK5 / 1-50
Debatte;biànlùn;Verb;;to debate;辩论;;HSK5-0046;HSK5 / 1-50
Feuerwerkskörper;biānpào;Nomen;;firecrackers;鞭炮;;HSK5-0047;HSK5 / 1-50
Äußern;biǎodá;Nomen;;expression;表达;;HSK5-0048;HSK5 / 1-50
Äußern;biǎodá;Verb;;to express;表达;;HSK5-0049;HSK5 / 1-50
Interpunktion;biāodiǎn;Nomen;;punctuation;标点;;HSK5-0050;HSK5 / 1-50
* HSK 5;* HSK 5;* HSK 5;* HSK 5;* HSK 5;* HSK 5;* HSK 5;* HSK 5;* HSK 5
Oberfläche;biǎomiàn;Nomen;;surface;表面;;HSK5-0051;HSK5 / 51-100
zeigen;biǎomíng;Verb;;to make clear;表明;;HSK5-0052;HSK5 / 51-100
Ausdruck;biǎoqíng;Nomen;;"(facial) expression; emoji";表情;;HSK5-0053;HSK5 / 51-100
Leistung;biǎoxiàn;Nomen;;(personal) performance;表现;;HSK5-0054;HSK5 / 51-100
Leistung;biǎoxiàn;Verb;;to show, to display;表现;;HSK5-0055;HSK5 / 51-100
Logo;biāozhì;Nomen;;symbol, mark;标志;;HSK5-0056;HSK5 / 51-100
gegenseitig;bǐcǐ;Personal Pronomen;;one another;彼此;;HSK5-0057;HSK5 / 51-100
schließlich;bìjìng;Adverb;;after all;毕竟;;HSK5-0058;HSK5 / 51-100
Anteil;bǐlì;Nomen;;proportion;比例;;HSK5-0059;HSK5 / 51-100
vermeiden;bìmiǎn;Verb;;to avoid;避免;;HSK5-0060;HSK5 / 51-100
Virus;bìngdú;Nomen;;virus;病毒;;HSK5-0061;HSK5 / 51-100
Eiscreme;bīngjīlíng;Nomen;;ice cream;冰激凌;;HSK5-0062;HSK5 / 51-100
unvermeidlich;bìrán;Adjektiv;;inevitable;必然;;HSK5-0063;HSK5 / 51-100
unvermeidlich;bìrán;Adverb;;inevitably;必然;;HSK5-0064;HSK5 / 51-100
notwendig;bìyào;Adjektiv;;necessary;必要;;HSK5-0065;HSK5 / 51-100
Spielen;bōfàng;Verb;;to broadcast;播放;;HSK5-0066;HSK5 / 51-100
Glas;bōli;Nomen;;glass (the substance);玻璃;;HSK5-0067;HSK5 / 51-100
Museum;bówùguǎn;Nomen;;museum;博物馆;;HSK5-0068;HSK5 / 51-100
Nacken;bózi;Nomen;;neck;脖子;;HSK5-0069;HSK5 / 51-100
Tuch;bù;Nomen;;cloth;布;;HSK5-0070;HSK5 / 51-100
Das ist in Ordnung.;bù yàojǐn;Phrase;;unimportant;不要紧;;HSK5-0071;HSK5 / 51-100
gestört;bù'ān;Adjektiv;;uneasy;不安;;HSK5-0072;HSK5 / 51-100
Nachfüllen;bǔchōng;Verb;;to supplement, to add in;补充;;HSK5-0073;HSK5 / 51-100
Das ist unglaublich!;bùdéliǎo;Adjektiv;;serious, exceedingly;不得了;;HSK5-0074;HSK5 / 51-100
Kontinuierlich;bùduàn;Adverb;;unceasing, continuous;不断;;HSK5-0075;HSK5 / 51-100
nicht unbedingt;bùjiànde;Adverb;;"not necessarily; not likely";不见得;;HSK5-0076;HSK5 / 51-100
Abteilung;bùmén;Nomen;;department;部门;;HSK5-0077;HSK5 / 51-100
ungeduldig;bùnàifán;Adjektiv;;impatient;不耐烦;;HSK5-0078;HSK5 / 51-100
ansonsten;bùrán;Konjunktion;;"otherwise; how about ...?";不然;;HSK5-0079;HSK5 / 51-100
Besser;bùrú;Verb;;"to be not as good as; ""it would be better to...""";不如;;HSK5-0080;HSK5 / 51-100
Schritt;bùzhòu;Nomen;;phase, stage;步骤;;HSK5-0081;HSK5 / 51-100
unzureichend;bùzú;Adjektiv;;insufficient, lacking;不足;;HSK5-0082;HSK5 / 51-100
Treten Sie auf;cǎi;Verb;;to step on;踩;;HSK5-0083;HSK5 / 51-100
Eigentum;cáichǎn;Nomen;;property;财产;;HSK5-0084;HSK5 / 51-100
Interview;cǎifǎng;Nomen;;an interview;采访;;HSK5-0085;HSK5 / 51-100
Interview;cǎifǎng;Verb;;to interview (for a news article, etc.);采访;;HSK5-0086;HSK5 / 51-100
Regenbogen;cǎihóng;Nomen;;rainbow;彩虹;;HSK5-0087;HSK5 / 51-100
nehmen;cǎiqǔ;Verb;;to adopt, to carry out (measures, policies, etc.);采取;;HSK5-0088;HSK5 / 51-100
beziehen sich auf;cānkǎo;Verb;;to reference;参考;;HSK5-0089;HSK5 / 51-100
Ich schäme mich.;cánkuì;Adjektiv;;ashamed;惭愧;;HSK5-0090;HSK5 / 51-100
teilnehmen;cānyù;Verb;;to participate (in);参与;;HSK5-0091;HSK5 / 51-100
Spielplatz;cāochǎng;Nomen;;playground;操场;;HSK5-0092;HSK5 / 51-100
Sorge;cāoxīn;Verb;;to be worry (about);操心;;HSK5-0093;HSK5 / 51-100
Buch;cè;ZEW;;[measure word for booklets];册;;HSK5-0094;HSK5 / 51-100
einmal;céngjīng;Adverb;;once, ever;曾经;;HSK5-0095;HSK5 / 51-100
prüfen;cèyàn;Nomen;;test;测验;;HSK5-0096;HSK5 / 51-100
prüfen;cèyàn;Verb;;to test;测验;;HSK5-0097;HSK5 / 51-100
Einfügen;chā;Verb;;to insert;插;;HSK5-0098;HSK5 / 51-100
demontieren;chāi;Verb;;to tear open;拆;;HSK5-0099;HSK5 / 51-100
Lücke;chājù;Nomen;;discrepancy, difference;差距;;HSK5-0100;HSK5 / 51-100
* HSK 5;* HSK 5;* HSK 5;* HSK 5;* HSK 5;* HSK 5;* HSK 5;* HSK 5;* HSK 5
gesunder Menschenverstand;chángshí;Nomen;;general knowledge, common sense;常识;;HSK5-0101;HSK5 / 101-150
Langstrecke;chángtú;Adjektiv;;long distance;长途;;HSK5-0102;HSK5 / 101-150
Produkt;chǎnpǐn;Nomen;;product;产品;;HSK5-0103;HSK5 / 101-150
produzieren;chǎnshēng;Verb;;to produce;产生;;HSK5-0104;HSK5 / 101-150
in Richtung;cháo;Präposition;;towards;朝;;HSK5-0105;HSK5 / 101-150
Streit;chǎo;Adjektiv;;noisy;吵;;HSK5-0106;HSK5 / 101-150
Streit;chǎo;Verb;;to argue;吵;;HSK5-0107;HSK5 / 101-150
anbraten;chǎo;Verb;;to stir fry;炒;;HSK5-0108;HSK5 / 101-150
Kopie;chāo;Verb;;to make a copy;抄;;HSK5-0109;HSK5 / 101-150
super;chāojí;Adjektiv;;super;超级;;HSK5-0110;HSK5 / 101-150
Streit;chǎojià;Verb;;to argue;吵架;;HSK5-0111;HSK5 / 101-150
Feuchte;cháoshī;Adjektiv;;humid;潮湿;;HSK5-0112;HSK5 / 101-150
Gabel;chāzi;Nomen;;fork;叉子;;HSK5-0113;HSK5 / 101-150
gründlich;chèdǐ;Adverb;;utterly, thoroughly;彻底;;HSK5-0114;HSK5 / 101-150
Garage;chēkù;Nomen;;garage;车库;;HSK5-0115;HSK5 / 101-150
in Anspruch nehmen;chèn;Präposition;;take advantage of;趁;;HSK5-0116;HSK5 / 101-150
sagen;chēng;Verb;;to weigh;称;;HSK5-0117;HSK5 / 101-150
sagen;chēng;Verb;;to call someone by a particular name;称;;HSK5-0118;HSK5 / 101-150
tragen;chéngdān;Verb;;to take on (a responsibility);承担;;HSK5-0119;HSK5 / 101-150
Grad;chéngdù;Nomen;;degree;程度;;HSK5-0120;HSK5 / 101-150
Element;chéngfèn;Nomen;;ingredient, component;成分;;HSK5-0121;HSK5 / 101-150
Ergebnisse;chéngguǒ;Nomen;;result, achievement;成果;;HSK5-0122;HSK5 / 101-150
Anruf;chēnghu;Nomen;;form of address;称呼;;HSK5-0123;HSK5 / 101-150
Anruf;chēnghu;Verb;;to address (someone) as;称呼;;HSK5-0124;HSK5 / 101-150
Leistung;chéngjiù;Nomen;;accomplishment;成就;;HSK5-0125;HSK5 / 101-150
aufrichtig;chéngkěn;Adjektiv;;sincere;诚恳;;HSK5-0126;HSK5 / 101-150
Gegründet;chénglì;Verb;;to establish, to set up;成立;;HSK5-0127;HSK5 / 101-150
Erwachsener;chéngrén;Nomen;;adult;成人;;HSK5-0128;HSK5 / 101-150
zugeben;chéngrèn;Verb;;to admit;承认;;HSK5-0129;HSK5 / 101-150
tragen;chéngshòu;Verb;;to bear;承受;;HSK5-0130;HSK5 / 101-150
Reifen;chéngshú;Adjektiv;;"mature; ripe";成熟;;HSK5-0131;HSK5 / 101-150
Programm;chéngxù;Nomen;;computer program, procedure;程序;;HSK5-0132;HSK5 / 101-150
Idiom;chéngyǔ;Nomen;;Chinese idiom, often made up of 4 characters;成语;;HSK5-0133;HSK5 / 101-150
empfehlen;chēngzàn;Verb;;to praise;称赞;;HSK5-0134;HSK5 / 101-150
aufwachsen;chéngzhǎng;Nomen;;growth;成长;;HSK5-0135;HSK5 / 101-150
aufwachsen;chéngzhǎng;Verb;;to mature, to grow;成长;;HSK5-0136;HSK5 / 101-150
Schweigen;chénmò;Adjektiv;;silent, uncommunicative;沉默;;HSK5-0137;HSK5 / 101-150
Auto;chēxiāng;Nomen;;carriage, train car;车厢;;HSK5-0138;HSK5 / 101-150
Flügel;chìbǎng;Nomen;;wing;翅膀;;HSK5-0139;HSK5 / 101-150
einen Verlust erleiden;chīkuī;Verb;;to suffer losses, to get a bum deal;吃亏;;HSK5-0140;HSK5 / 101-150
Teich;chítáng;Nomen;;pool, pond;池塘;;HSK5-0141;HSK5 / 101-150
Fortsetzung;chíxù;Verb;;to continue, to persist;持续;;HSK5-0142;HSK5 / 101-150
früher oder später;chízǎo;Adverb;;sooner or later;迟早;;HSK5-0143;HSK5 / 101-150
Herrscher;chǐzi;Nomen;;ruler (for measuring);尺子;;HSK5-0144;HSK5 / 101-150
eilen;chōng;Verb;;"to rush; to rinse";冲;;HSK5-0145;HSK5 / 101-150
Ladegerät;chōngdiànqì;Nomen;;electric charger;充电器;;HSK5-0146;HSK5 / 101-150
voll;chōngfèn;Adjektiv;;full, ample;充分;;HSK5-0147;HSK5 / 101-150
wiederholen;chóngfù;Verb;;to repeat;重复;;HSK5-0148;HSK5 / 101-150
voll;chōngmǎn;Verb;;to be full of;充满;;HSK5-0149;HSK5 / 101-150
Haustier;chǒngwù;Nomen;;pet;宠物;;HSK5-0150;HSK5 / 101-150
* HSK 5;* HSK 5;* HSK 5;* HSK 5;* HSK 5;* HSK 5;* HSK 5;* HSK 5;* HSK 5
Stinkend;chòu;Adjektiv;;stinky, smelly;臭;;HSK5-0151;HSK5 / 151-200
hässlich;chǒu;Adjektiv;;ugly;丑;;HSK5-0152;HSK5 / 151-200
Schublade;chōuti;Nomen;;drawer;抽屉;;HSK5-0153;HSK5 / 151-200
Abstrakt;chōuxiàng;Adverb;;abstract;抽象;;HSK5-0154;HSK5 / 151-200
verbreiten;chuánbō;Verb;;to propagate, to spread;传播;;HSK5-0155;HSK5 / 151-200
Brechen;chuǎng;Verb;;to charge through;闯;;HSK5-0156;HSK5 / 151-200
Vorhang;chuānglián;Nomen;;window curtains;窗帘;;HSK5-0157;HSK5 / 151-200
erstellen;chuàngzào;Verb;;to create;创造;;HSK5-0158;HSK5 / 151-200
infizieren;chuánrǎn;Verb;;to infect;传染;;HSK5-0159;HSK5 / 151-200
Legende;chuánshuō;Nomen;;legend;传说;;HSK5-0160;HSK5 / 151-200
Tradition;chuántǒng;Adjektiv;;traditional;传统;;HSK5-0161;HSK5 / 151-200
Tradition;chuántǒng;Nomen;;tradition;传统;;HSK5-0162;HSK5 / 151-200
Veröffentlichung;chūbǎn;Verb;;to publish;出版;;HSK5-0163;HSK5 / 151-200
es sei denn;chúfēi;Konjunktion;;"unless; besides";除非;;HSK5-0164;HSK5 / 151-200
Schlag;chuī;Verb;;to blow;吹;;HSK5-0165;HSK5 / 151-200
primär;chūjí;Adjektiv;;elementary-level;初级;;HSK5-0166;HSK5 / 151-200
Ausfahrt;chūkǒu;Adjektiv;;an exit;出口;;HSK5-0167;HSK5 / 151-200
Ausfahrt;chūkǒu;Nomen;;export;出口;;HSK5-0168;HSK5 / 151-200
Ausfahrt;chūkǒu;Verb;;to export;出口;;HSK5-0169;HSK5 / 151-200
bewältigen;chǔlǐ;Verb;;to process, to handle;处理;;HSK5-0170;HSK5 / 151-200
hervorragend;chūsè;Adjektiv;;outstanding;出色;;HSK5-0171;HSK5 / 151-200
zeigen;chūshì;Verb;;to display to others;出示;;HSK5-0172;HSK5 / 151-200
Vorabend des chinesischen Neujahrs;Chúxī;Nomen;;Chinese New Year's Eve;除夕;;HSK5-0173;HSK5 / 151-200
Teilnehmen;chūxí;Verb;;to attend (an official event);出席;;HSK5-0174;HSK5 / 151-200
Vokabular;cíhuì;Nomen;;vocabulary;词汇;;HSK5-0175;HSK5 / 151-200
Stimulieren;cìjī;Verb;;to stimulate, to provoke;刺激;;HSK5-0176;HSK5 / 151-200
Auch;cǐwài;Konjunktion;;in addition, furthermore;此外;;HSK5-0177;HSK5 / 151-200
sekundär;cìyào;Adjektiv;;secondary;次要;;HSK5-0178;HSK5 / 151-200
Zurücktreten;cízhí;Verb;;to resign;辞职;;HSK5-0179;HSK5 / 151-200
Von da an;cóngcǐ;Adverb;;from now on, since then;从此;;HSK5-0180;HSK5 / 151-200
dadurch;cóngér;Konjunktion;;thereby;从而;;HSK5-0181;HSK5 / 151-200
beeil dich;cōngmáng;Adverb;;hasty, hurried;匆忙;;HSK5-0182;HSK5 / 151-200
Es war einmal;cóngqián;Nomen;;formerly, once upon a time;从前;;HSK5-0183;HSK5 / 151-200
Engagiert in;cóngshì;Verb;;to engage in;从事;;HSK5-0184;HSK5 / 151-200
Essig;cù;Nomen;;vinegar;醋;;HSK5-0185;HSK5 / 151-200
rauh;cūcāo;Adjektiv;;rough, coarse;粗糙;;HSK5-0186;HSK5 / 151-200
Drang;cuī;Verb;;to urge;催;;HSK5-0187;HSK5 / 151-200
Fördern;cùjìn;Verb;;to promote (an idea or cause);促进;;HSK5-0188;HSK5 / 151-200
existieren;cúnzài;Verb;;to exist;存在;;HSK5-0189;HSK5 / 151-200
messen;cuòshī;Nomen;;measures (taken to solve a problem);措施;;HSK5-0190;HSK5 / 151-200
prompt;cùshǐ;Verb;;to induce;促使;;HSK5-0191;HSK5 / 151-200
Umgang mit;dǎ jiāodào;Phrase;;"to come into contact with; to have dealings (with)";打交道;;HSK5-0192;HSK5 / 151-200
niesen;dǎ pēntì;Phrase;;to sneeze;打喷嚏;;HSK5-0193;HSK5 / 151-200
erreichen;dádào;Verb;;to reach (a result);达到;;HSK5-0194;HSK5 / 151-200
Großzügig;dàfang;Adjektiv;;generous, giving;大方;;HSK5-0195;HSK5 / 151-200
Arbeiten, um den Lebensunterhalt zu verdienen;dǎgōng;Verb;;to do a part time job, to do manual labor;打工;;HSK5-0196;HSK5 / 151-200
bleiben;dāi;Verb;;to stay (in a place) [also written as 待];呆;;HSK5-0197;HSK5 / 151-200
darstellen;dàibiǎo;Nomen;;representative, delegate;代表;;HSK5-0198;HSK5 / 151-200
darstellen;dàibiǎo;Verb;;to represent;代表;;HSK5-0199;HSK5 / 151-200
Darlehen;dàikuǎn;Nomen;;"a loan; to provide a loan (e.g. bank)";贷款;;HSK5-0200;HSK5 / 151-200
* HSK 5;* HSK 5;* HSK 5;* HSK 5;* HSK 5;* HSK 5;* HSK 5;* HSK 5;* HSK 5
ersetzen;dàitì;Verb;;"to substitute; instead";代替;;HSK5-0201;HSK5 / 201-250
Behandlung;dàiyù;Nomen;;treatment, pay;待遇;;HSK5-0202;HSK5 / 201-250
Licht;dàn;Adjektiv;;weak in color or taste;淡;;HSK5-0203;HSK5 / 201-250
einfach;dānchún;Adjektiv;;simple, pure;单纯;;HSK5-0204;HSK5 / 201-250
eintönig;dāndiào;Adjektiv;;monotonous, dull;单调;;HSK5-0205;HSK5 / 201-250
allein;dāndú;Adverb;;alone;单独;;HSK5-0206;HSK5 / 201-250
Block;dǎng;Verb;;to obstruct, to block;挡;;HSK5-0207;HSK5 / 201-250
lokal;dāngdì;Nomen;;local;当地;;HSK5-0208;HSK5 / 201-250
Seien Sie vorsichtig;dāngxīn;Verb;;to take care, to look out;当心;;HSK5-0209;HSK5 / 201-250
Dienen als;dānrèn;Verb;;to hold a (government) position;担任;;HSK5-0210;HSK5 / 201-250
Einheit;dānwèi;Nomen;;unit (of measure), work unit;单位;;HSK5-0211;HSK5 / 201-250
halten;dānwu;Verb;;to delay;耽误;;HSK5-0212;HSK5 / 201-250
Feigling;dǎnxiǎoguǐ;Nomen;;coward;胆小鬼;;HSK5-0213;HSK5 / 201-250
Einheit;dānyuán;Nomen;;unit (forming an entity);单元;;HSK5-0214;HSK5 / 201-250
ankommen;dàodá;Verb;;to arrive;到达;;HSK5-0215;HSK5 / 201-250
Moral;dàodé;Nomen;;morality;道德;;HSK5-0216;HSK5 / 201-250
Grund;dàolǐ;Nomen;;reason, sense;道理;;HSK5-0217;HSK5 / 201-250
Unglücklich;dǎoméi;Verb;;to have bad luck;倒霉;;HSK5-0218;HSK5 / 201-250
Direktor;dǎoyǎn;Nomen;;director;导演;;HSK5-0219;HSK5 / 201-250
Inseln;dǎoyǔ;Nomen;;island;岛屿;;HSK5-0220;HSK5 / 201-250
führen zu;dǎozhì;Verb;;to lead to (something bad);导致;;HSK5-0221;HSK5 / 201-250
Gebäude;dàshà;Nomen;;office tower;大厦;;HSK5-0222;HSK5 / 201-250
erkundigen;dǎting;Verb;;to ask about;打听;;HSK5-0223;HSK5 / 201-250
Elefant;dàxiàng;Nomen;;elephant;大象;;HSK5-0224;HSK5 / 201-250
Groß;dàxíng;Adjektiv;;large-scale;大型;;HSK5-0225;HSK5 / 201-250
versprechen;dāying;Verb;;to promise, to agree to;答应;;HSK5-0226;HSK5 / 201-250
Warten;děngdài;Verb;;to wait (for);等待;;HSK5-0227;HSK5 / 201-250
Anmeldung;dēngjì;Verb;;to register;登记;;HSK5-0228;HSK5 / 201-250
gleich;děngyú;Verb;;to be equal to;等于;;HSK5-0229;HSK5 / 201-250
Lieferung;dì;Verb;;to hand over;递;;HSK5-0230;HSK5 / 201-250
fallen;dī;ZEW;;a drop;滴;;HSK5-0231;HSK5 / 201-250
fallen;dī;Verb;;to drip;滴;;HSK5-0232;HSK5 / 201-250
Batterie;diànchí;Nomen;;battery;电池;;HSK5-0233;HSK5 / 201-250
Radiosender;diàntái;Nomen;;broadcasting station;电台;;HSK5-0234;HSK5 / 201-250
Nachtisch;diǎnxin;Nomen;;dim sum (Cantonese cooking);点心;;HSK5-0235;HSK5 / 201-250
Angeln;diào;Verb;;to fish (with a a fishing line);钓;;HSK5-0236;HSK5 / 201-250
typisch;dìdao;Adjektiv;;authentic;地道;;HSK5-0237;HSK5 / 201-250
Geographie;dìlǐ;Nomen;;geography;地理;;HSK5-0238;HSK5 / 201-250
Spitze;dǐng;Nomen;;top, most, roof;顶;;HSK5-0239;HSK5 / 201-250
Bereich;dìqū;Nomen;;region;地区;;HSK5-0240;HSK5 / 201-250
In der Tat;díquè;Adverb;;indeed;的确;;HSK5-0241;HSK5 / 201-250
Feind;dírén;Nomen;;enemy;敌人;;HSK5-0242;HSK5 / 201-250
Teppich;dìtǎn;Nomen;;carpet;地毯;;HSK5-0243;HSK5 / 201-250
Status;dìwèi;Nomen;;status;地位;;HSK5-0244;HSK5 / 201-250
Erdbeben;dìzhèn;Nomen;;earthquake;地震;;HSK5-0245;HSK5 / 201-250
Loch;dòng;Nomen;;cave;洞;;HSK5-0246;HSK5 / 201-250
einfrieren;dòng;Verb;;to freeze;冻;;HSK5-0247;HSK5 / 201-250
Karikatur;dònghuàpiàn;Nomen;;animated film;动画片;;HSK5-0248;HSK5 / 201-250
necken;dòu;Adjektiv;;amusing;逗;;HSK5-0249;HSK5 / 201-250
necken;dòu;Verb;;to tease;逗;;HSK5-0250;HSK5 / 201-250
* HSK 5;* HSK 5;* HSK 5;* HSK 5;* HSK 5;* HSK 5;* HSK 5;* HSK 5;* HSK 5
Tofu;dòufu;Nomen;;tofu;豆腐;;HSK5-0251;HSK5 / 251-300
Gebrochen;duàn;Verb;;to break (something long);断;;HSK5-0252;HSK5 / 251-300
Ausgeben;dùguò;Verb;;to spend (time);度过;;HSK5-0253;HSK5 / 251-300
Haufen;duī;ZEW;;[measure word for stacks of things];堆;;HSK5-0254;HSK5 / 251-300
Haufen;duī;Verb;;to pile up;堆;;HSK5-0255;HSK5 / 251-300
Kontrast;duìbǐ;Verb;;to contrast;对比;;HSK5-0256;HSK5 / 251-300
behandeln;duìdài;Verb;;to treat (someone a certian way);对待;;HSK5-0257;HSK5 / 251-300
Andere Seite;duìfāng;Nomen;;the other person, the other side;对方;;HSK5-0258;HSK5 / 251-300
Austausch;duìhuàn;Verb;;to exchange (e.g. money);兑换;;HSK5-0259;HSK5 / 251-300
Gegner;duìshǒu;Nomen;;opponent, adversary;对手;;HSK5-0260;HSK5 / 251-300
Objekt;duìxiàng;Nomen;;object, (romantic) partner;对象;;HSK5-0261;HSK5 / 251-300
unabhängig;dúlì;Adjektiv;;independent;独立;;HSK5-0262;HSK5 / 251-300
Dun;dùn;ZEW;;[measure word for meals, beatings, scoldings];顿;;HSK5-0263;HSK5 / 251-300
Tonne;dūn;ZEW;;ton;吨;;HSK5-0264;HSK5 / 251-300
hocken;dūn;Verb;;to squat down;蹲;;HSK5-0265;HSK5 / 251-300
Duo;duǒ;ZEW;;[measure word for flowers];朵;;HSK5-0266;HSK5 / 251-300
verstecken;duǒcáng;Verb;;to conceal oneself;躲藏;;HSK5-0267;HSK5 / 251-300
Danke;duōkuī;Verb;;thanks to...;多亏;;HSK5-0268;HSK5 / 251-300
Überflüssig;duōyú;Adjektiv;;extra, superfluous;多余;;HSK5-0269;HSK5 / 251-300
einzigartig;dútè;Adjektiv;;unique and special;独特;;HSK5-0270;HSK5 / 251-300
schlecht;èliè;Adjektiv;;of very poor quality;恶劣;;HSK5-0271;HSK5 / 251-300
Äh;en;Interjektion;;uh-huh, OK [an agreeable grunt];嗯;;HSK5-0272;HSK5 / 251-300
Ohrringe;ěrhuán;Nomen;;earring;耳环;;HSK5-0273;HSK5 / 251-300
Veröffentlichen;fābiǎo;Verb;;to issue (a statement);发表;;HSK5-0274;HSK5 / 251-300
Sorge;fāchóu;Verb;;to fret, to be anxious;发愁;;HSK5-0275;HSK5 / 251-300
entwickelt;fādá;Adjektiv;;developed;发达;;HSK5-0276;HSK5 / 251-300
Zittern;fādǒu;Verb;;to tremble, to shiver;发抖;;HSK5-0277;HSK5 / 251-300
Spielen;fāhuī;Verb;;to exhibit (certain qualities);发挥;;HSK5-0278;HSK5 / 251-300
Bußgeld;fákuǎn;Nomen;;a (monetary) fine;罚款;;HSK5-0279;HSK5 / 251-300
Bußgeld;fákuǎn;Verb;;to fine;罚款;;HSK5-0280;HSK5 / 251-300
Erfindung;fāmíng;Nomen;;invention;发明;;HSK5-0281;HSK5 / 251-300
Erfindung;fāmíng;Verb;;to invent;发明;;HSK5-0282;HSK5 / 251-300
drehen;fān;Verb;;to turn over, to flip;翻;;HSK5-0283;HSK5 / 251-300
stattdessen;fǎnér;Konjunktion;;"instead; on the contrary; contrary (to expectations)";反而;;HSK5-0284;HSK5 / 251-300
wiederholt;fǎnfù;Adverb;;repeatedly, over and over;反复;;HSK5-0285;HSK5 / 251-300
Quadrat;fāng;Adjektiv;;square;方;;HSK5-0286;HSK5 / 251-300
Hindernisse;fáng'ài;Verb;;to obstruct, to impede;妨碍;;HSK5-0287;HSK5 / 251-300
planen;fāng'àn;Nomen;;solution;方案;;HSK5-0288;HSK5 / 251-300
als ob;fǎngfú;Verb;;as if;仿佛;;HSK5-0289;HSK5 / 251-300
Weg;fāngshì;Nomen;;method, way;方式;;HSK5-0290;HSK5 / 251-300
Wohlstand;fánróng;Adjektiv;;prosperous, flourishing;繁荣;;HSK5-0291;HSK5 / 251-300
Umfang;fànwéi;Nomen;;range, scope;范围;;HSK5-0292;HSK5 / 251-300
Reaktion;fǎnyìng;Nomen;;reaction, response;反应;;HSK5-0293;HSK5 / 251-300
reflektieren;fǎnyìng;Nomen;;reflection;反映;;HSK5-0294;HSK5 / 251-300
Reaktion;fǎnyìng;Verb;;to react;反应;;HSK5-0295;HSK5 / 251-300
reflektieren;fǎnyìng;Verb;;to reflect;反映;;HSK5-0296;HSK5 / 251-300
Ohnehin;fǎnzhèng;Konjunktion;;anyway...;反正;;HSK5-0297;HSK5 / 251-300
Rechnung;fāpiào;Nomen;;official receipt for purchase;发票;;HSK5-0298;HSK5 / 251-300
Rede;fāyán;Nomen;;speech, statement;发言;;HSK5-0299;HSK5 / 251-300
Rede;fāyán;Verb;;to give a speech, to make a statement;发言;;HSK5-0300;HSK5 / 251-300
* HSK 5;* HSK 5;* HSK 5;* HSK 5;* HSK 5;* HSK 5;* HSK 5;* HSK 5;* HSK 5
Gericht;fǎyuàn;Nomen;;court of law;法院;;HSK5-0301;HSK5 / 301-350
NEIN;fēi;Adjektiv;;non-;非;;HSK5-0302;HSK5 / 301-350
Unsinn;fèihuà;Nomen;;nonsense, obvious statements;废话;;HSK5-0303;HSK5 / 301-350
Seife;féizào;Nomen;;soap;肥皂;;HSK5-0304;HSK5 / 301-350
jeweils;fēnbié;Verb;;to part or leave each other;分别;;HSK5-0305;HSK5 / 301-350
verteilt;fēnbù;Verb;;to distribute;分布;;HSK5-0306;HSK5 / 301-350
Kampf;fèndòu;Nomen;;struggles;奋斗;;HSK5-0307;HSK5 / 301-350
Kampf;fèndòu;Verb;;to strive, to struggle;奋斗;;HSK5-0308;HSK5 / 301-350
Nacheinander;fēnfēn;Adverb;;one after another, in succession;纷纷;;HSK5-0309;HSK5 / 301-350
Satire;fěngcì;Verb;;to satirize, to mock;讽刺;;HSK5-0310;HSK5 / 301-350
Stil;fēnggé;Nomen;;style;风格;;HSK5-0311;HSK5 / 301-350
Landschaft;fēngjǐng;Nomen;;scenery, landscape;风景;;HSK5-0312;HSK5 / 301-350
verrückt;fēngkuáng;Adjektiv;;crazy;疯狂;;HSK5-0313;HSK5 / 301-350
Brauch;fēngsú;Nomen;;social custom;风俗;;HSK5-0314;HSK5 / 301-350
Risiko;fēngxiǎn;Nomen;;risk;风险;;HSK5-0315;HSK5 / 301-350
verteilen;fēnpèi;Verb;;to distribute;分配;;HSK5-0316;HSK5 / 301-350
separate;fēnshǒu;Verb;;to break up (of two lovers);分手;;HSK5-0317;HSK5 / 301-350
analysieren;fēnxī;Nomen;;analysis;分析;;HSK5-0318;HSK5 / 301-350
analysieren;fēnxī;Verb;;to analyze;分析;;HSK5-0319;HSK5 / 301-350
Negativ;fǒudìng;Verb;;to negate;否定;;HSK5-0320;HSK5 / 301-350
leugnen;fǒurèn;Verb;;to deny;否认;;HSK5-0321;HSK5 / 301-350
rahmen;fú;ZEW;;[measure word for cloth or pictures];幅;;HSK5-0322;HSK5 / 301-350
helfen;fú;Verb;;to physically support (with one's hands), to help up;扶;;HSK5-0323;HSK5 / 301-350
Nachhilfe;fǔdǎo;Nomen;;guidance;辅导;;HSK5-0324;HSK5 / 301-350
Nachhilfe;fǔdǎo;Verb;;to give guidance;辅导;;HSK5-0325;HSK5 / 301-350
Frauen;fùnǚ;Nomen;;woman (usu. married);妇女;;HSK5-0326;HSK5 / 301-350
Kopie;fùzhì;Verb;;to copy (text), to duplicate;复制;;HSK5-0327;HSK5 / 301-350
Kleidung;fúzhuāng;Nomen;;clothing;服装;;HSK5-0328;HSK5 / 301-350
bauen;gài;Verb;;to cover;盖;;HSK5-0329;HSK5 / 301-350
Reform;gǎigé;Nomen;;reform;改革;;HSK5-0330;HSK5 / 301-350
Reform;gǎigé;Verb;;to reform;改革;;HSK5-0331;HSK5 / 301-350
verbessern;gǎijìn;Verb;;to improve;改进;;HSK5-0332;HSK5 / 301-350
Zusammenfassung;gàikuò;Verb;;to summarize;概括;;HSK5-0333;HSK5 / 301-350
Konzept;gàiniàn;Nomen;;concept, idea;概念;;HSK5-0334;HSK5 / 301-350
verbessern;gǎishàn;Verb;;to make better;改善;;HSK5-0335;HSK5 / 301-350
richtig;gǎizhèng;Verb;;to correct, to put right;改正;;HSK5-0336;HSK5 / 301-350
einfach;gāncuì;Adjektiv;;straightforward;干脆;;HSK5-0337;HSK5 / 301-350
einfach;gāncuì;Adverb;;might as well;干脆;;HSK5-0338;HSK5 / 301-350
Stahl;gāngtiě;Nomen;;steel;钢铁;;HSK5-0339;HSK5 / 301-350
arbeiten;gànhuór;Verb;;to do manual labor;干活儿;;HSK5-0340;HSK5 / 301-350
Dankbarkeit;gǎnjī;Verb;;to be grateful;感激;;HSK5-0341;HSK5 / 301-350
Beeil dich;gǎnjǐn;Adverb;;quickly, hurriedly;赶紧;;HSK5-0342;HSK5 / 301-350
Beeil dich;gǎnkuài;Adverb;;at once;赶快;;HSK5-0343;HSK5 / 301-350
Gefühl;gǎnshòu;Nomen;;a feeling, an impression;感受;;HSK5-0344;HSK5 / 301-350
Gefühl;gǎnshòu;Verb;;to feel, to experience;感受;;HSK5-0345;HSK5 / 301-350
Gedanken;gǎnxiǎng;Nomen;;impressions;感想;;HSK5-0346;HSK5 / 301-350
trocken;gānzào;Adjektiv;;dry, arid;干燥;;HSK5-0347;HSK5 / 301-350
Tun;gǎo;Verb;;to do, to make;搞;;HSK5-0348;HSK5 / 301-350
Abschied nehmen;gàobié;Verb;;to bid farewell to;告别;;HSK5-0349;HSK5 / 301-350
gehoben;gāodàng;Adjektiv;;superior quality;高档;;HSK5-0350;HSK5 / 301-350
* HSK 5;* HSK 5;* HSK 5;* HSK 5;* HSK 5;* HSK 5;* HSK 5;* HSK 5;* HSK 5
fortschrittlich;gāojí;Adjektiv;;high-level;高级;;HSK5-0351;HSK5 / 351-400
nebenan;gébì;Nomen;;next door;隔壁;;HSK5-0352;HSK5 / 351-400
Person;gèbié;Adjektiv;;individual, specific, respective;个别;;HSK5-0353;HSK5 / 351-400
Wurzel;gēn;Nomen;;root;根;;HSK5-0354;HSK5 / 351-400
grundlegend;gēnběn;Adverb;;(not) at all;根本;;HSK5-0355;HSK5 / 351-400
persönlich;gèrén;Nomen;;personal, individual;个人;;HSK5-0356;HSK5 / 351-400
insbesondere;géwài;Adverb;;especially;格外;;HSK5-0357;HSK5 / 351-400
Persönlichkeit;gèxìng;Nomen;;personality;个性;;HSK5-0358;HSK5 / 351-400
jeweiligen;gèzì;Personal Pronomen;;each;各自;;HSK5-0359;HSK5 / 351-400
Bekanntmachung;gōngbù;Verb;;to announce, to make public;公布;;HSK5-0360;HSK5 / 351-400
Fabrik;gōngchǎng;Nomen;;factory;工厂;;HSK5-0361;HSK5 / 351-400
Projekt;gōngchéng;Nomen;;(engineering or construction) project;工程;;HSK5-0362;HSK5 / 351-400
Werkzeug;gōngjù;Nomen;;tool;工具;;HSK5-0363;HSK5 / 351-400
öffentlich;gōngkāi;Verb;;to make public;公开;;HSK5-0364;HSK5 / 351-400
Funktion;gōngnéng;Nomen;;function;功能;;HSK5-0365;HSK5 / 351-400
gerecht;gōngpíng;Adjektiv;;fair;公平;;HSK5-0366;HSK5 / 351-400
Arbeitnehmer;gōngrén;Nomen;;worker;工人;;HSK5-0367;HSK5 / 351-400
Glückwunsch;gōngxǐ;Verb;;congratulations, to congratulate;恭喜;;HSK5-0368;HSK5 / 351-400
beitragen;gòngxiàn;Nomen;;contribution;贡献;;HSK5-0369;HSK5 / 351-400
beitragen;gòngxiàn;Verb;;to contribute;贡献;;HSK5-0370;HSK5 / 351-400
Industrie;gōngyè;Nomen;;industry;工业;;HSK5-0371;HSK5 / 351-400
Wohnung;gōngyù;Nomen;;apartment;公寓;;HSK5-0372;HSK5 / 351-400
ANZEIGE.;gōngyuán;Nomen;;CE (Common Era);公元;;HSK5-0373;HSK5 / 351-400
Prinzessin;gōngzhǔ;Nomen;;princess;公主;;HSK5-0374;HSK5 / 351-400
bilden;gòuchéng;Verb;;to form, to compose;构成;;HSK5-0375;HSK5 / 351-400
kommunizieren;gōutōng;Verb;;to communicate, to connect;沟通;;HSK5-0376;HSK5 / 351-400
eingetragen;guàhào;Verb;;to register (at a hospital, etc.);挂号;;HSK5-0377;HSK5 / 351-400
Gut;guāi;Adjektiv;;(of a child) good, well-behaved;乖;;HSK5-0378;HSK5 / 351-400
Kein Wunder;guàibude;Verb;;"no wonder; ""so that's why...""";怪不得;;HSK5-0379;HSK5 / 351-400
Drehen;guǎiwān;Nomen;;to go round a curve;拐弯;;HSK5-0380;HSK5 / 351-400
Drehen;guǎiwān;Verb;;to go round a curve;拐弯;;HSK5-0381;HSK5 / 351-400
offiziell;guān;Nomen;;officials;官;;HSK5-0382;HSK5 / 351-400
Schließung;guānbì;Verb;;to close;关闭;;HSK5-0383;HSK5 / 351-400
beobachten;guānchá;Nomen;;observation;观察;;HSK5-0384;HSK5 / 351-400
beobachten;guānchá;Verb;;to observe;观察;;HSK5-0385;HSK5 / 351-400
Meinung;guāndiǎn;Nomen;;point of view;观点;;HSK5-0386;HSK5 / 351-400
Quadrat;guǎngchǎng;Nomen;;public square, plaza;广场;;HSK5-0387;HSK5 / 351-400
groß;guǎngdà;Adjektiv;;(of an area) vast or extensive;广大;;HSK5-0388;HSK5 / 351-400
weit;guǎngfàn;Adjektiv;;broad, wide-ranging;广泛;;HSK5-0389;HSK5 / 351-400
glatt;guānghuá;Adjektiv;;smooth, shiny;光滑;;HSK5-0390;HSK5 / 351-400
Besuchen;guānglín;Verb;;to be present [honorific];光临;;HSK5-0391;HSK5 / 351-400
hell;guāngmíng;Nomen;;light, the light;光明;;HSK5-0392;HSK5 / 351-400
CD;guāngpán;Nomen;;compact disc;光盘;;HSK5-0393;HSK5 / 351-400
Champion;guànjūn;Nomen;;champion;冠军;;HSK5-0394;HSK5 / 351-400
Konzept;guānniàn;Nomen;;conception;观念;;HSK5-0395;HSK5 / 351-400
Rohr;guǎnzi;Nomen;;pipe, tube;管子;;HSK5-0396;HSK5 / 351-400
Uralt;gǔdài;Nomen;;ancient times;古代;;HSK5-0397;HSK5 / 351-400
klassisch;gǔdiǎn;Adjektiv;;classical;古典;;HSK5-0398;HSK5 / 351-400
behoben;gùdìng;Adjektiv;;fixed;固定;;HSK5-0399;HSK5 / 351-400
behoben;gùdìng;Verb;;to fix (in place);固定;;HSK5-0400;HSK5 / 351-400
* HSK 5;* HSK 5;* HSK 5;* HSK 5;* HSK 5;* HSK 5;* HSK 5;* HSK 5;* HSK 5
Tante;gūgu;Nomen;;paternal aunt;姑姑;;HSK5-0401;HSK5 / 401-450
Regel;guīju;Nomen;;established practices;规矩;;HSK5-0402;HSK5 / 401-450
Gesetz;guīlǜ;Nomen;;regular pattern, rule, law;规律;;HSK5-0403;HSK5 / 401-450
Skala;guīmó;Nomen;;scale, scope;规模;;HSK5-0404;HSK5 / 401-450
Induktion;guīnà;Verb;;to sum up;归纳;;HSK5-0405;HSK5 / 401-450
Schalter;guìtái;Nomen;;front desk, service counter;柜台;;HSK5-0406;HSK5 / 401-450
Regel;guīzé;Nomen;;rules;规则;;HSK5-0407;HSK5 / 401-450
rollen;gǔn;Verb;;to roll;滚;;HSK5-0408;HSK5 / 401-450
Mädchen;gūniang;Nomen;;young woman, girl;姑娘;;HSK5-0409;HSK5 / 401-450
Pot;guō;Nomen;;wok, pot, pan;锅;;HSK5-0410;HSK5 / 401-450
übermäßig;guòfèn;Adjektiv;;excessive, over the top;过分;;HSK5-0411;HSK5 / 401-450
Allergie;guòmǐn;Verb;;to be allergic;过敏;;HSK5-0412;HSK5 / 401-450
Abgelaufen;guòqī;Verb;;to expire;过期;;HSK5-0413;HSK5 / 401-450
Nationalfeiertag;Guóqìngjié;Nomen;;National Day (October 1st) of the PRC;国庆节;;HSK5-0414;HSK5 / 401-450
Wirklich;guǒrán;Adverb;;as expected, sure enough;果然;;HSK5-0415;HSK5 / 401-450
Obst;guǒshí;Nomen;;fruit (of a plant);果实;;HSK5-0416;HSK5 / 401-450
König;guówáng;Nomen;;king;国王;;HSK5-0417;HSK5 / 401-450
Aktie;gǔpiào;Nomen;;stock, share;股票;;HSK5-0418;HSK5 / 401-450
Knochen;gǔtou;Nomen;;bone;骨头;;HSK5-0419;HSK5 / 401-450
Ermutigung;gǔwǔ;Verb;;to hearten (e.g. good news);鼓舞;;HSK5-0420;HSK5 / 401-450
applaudieren;gǔzhǎng;Verb;;to applaud;鼓掌;;HSK5-0421;HSK5 / 401-450
Ha;hā;Interjektion;;[sound of laughter or a yawn];哈;;HSK5-0422;HSK5 / 401-450
Zoll;hǎiguān;Nomen;;customs (i.e. at the airport);海关;;HSK5-0423;HSK5 / 401-450
Meeresfrüchte;hǎixiān;Nomen;;seafood;海鲜;;HSK5-0424;HSK5 / 401-450
Anruf;hǎn;Verb;;to yell;喊;;HSK5-0425;HSK5 / 401-450
Industrie;hángyè;Nomen;;industry;行业;;HSK5-0426;HSK5 / 401-450
Luxus;háohuá;Adjektiv;;luxurious;豪华;;HSK5-0427;HSK5 / 401-450
gastfreundlich;hàokè;Adjektiv;;hospitable;好客;;HSK5-0428;HSK5 / 401-450
neugierig;hàoqí;Adjektiv;;curious;好奇;;HSK5-0429;HSK5 / 401-450
Wozu der Aufwand?;hébì;Konjunktion;;there is no need;何必;;HSK5-0430;HSK5 / 401-450
legitim;héfǎ;Adjektiv;;legal, lawful;合法;;HSK5-0431;HSK5 / 401-450
Darüber hinaus;hékuàng;Konjunktion;;let alone, what's more;何况;;HSK5-0432;HSK5 / 401-450
Vernünftig;hélǐ;Adjektiv;;reasonable;合理;;HSK5-0433;HSK5 / 401-450
Hass;hèn;Verb;;to hate;恨;;HSK5-0434;HSK5 / 401-450
Frieden;Hépíng;Nomen;;peace;和平;;HSK5-0435;HSK5 / 401-450
Vertrag;hétong;Nomen;;a contract;合同;;HSK5-0436;HSK5 / 401-450
Kern;héxīn;Nomen;;core;核心;;HSK5-0437;HSK5 / 401-450
Gruppenfoto;héyǐng;Verb;;to take a joint photo;合影;;HSK5-0438;HSK5 / 401-450
zusammenarbeiten;hézuò;Verb;;to cooperate;合作;;HSK5-0439;HSK5 / 401-450
zurück;hòubèi;Nomen;;the back;后背;;HSK5-0440;HSK5 / 401-450
als Ergebnis;hòuguǒ;Nomen;;consequences;后果;;HSK5-0441;HSK5 / 401-450
Affe;hóuzi;Nomen;;monkey;猴子;;HSK5-0442;HSK5 / 401-450
Pot;hú;Nomen;;pot (of tea);壶;;HSK5-0443;HSK5 / 401-450
Beleg;huá;Adjektiv;;slippery;滑;;HSK5-0444;HSK5 / 401-450
Planen;huá;Verb;;to row, to paddle;划;;HSK5-0445;HSK5 / 401-450
Nostalgie;huáiniàn;Verb;;to reminisce about;怀念;;HSK5-0446;HSK5 / 401-450
Schwanger;huáiyùn;Verb;;to become pregnant;怀孕;;HSK5-0447;HSK5 / 401-450
Gold;huángjīn;Nomen;;gold;黄金;;HSK5-0448;HSK5 / 401-450
Panik;huāngzhāng;Adjektiv;;confused, flustered;慌张;;HSK5-0449;HSK5 / 401-450
Leichtigkeit;huǎnjiě;Verb;;to alleviate, to relieve;缓解;;HSK5-0450;HSK5 / 401-450
* HSK 5;* HSK 5;* HSK 5;* HSK 5;* HSK 5;* HSK 5;* HSK 5;* HSK 5;* HSK 5
Fantasie;huànxiǎng;Verb;;to halliucinate;幻想;;HSK5-0451;HSK5 / 451-500
Erdnuss;huāshēng;Nomen;;peanut;花生;;HSK5-0452;HSK5 / 451-500
Thema;huàtí;Nomen;;topic;话题;;HSK5-0453;HSK5 / 451-500
Chemische;huàxué;Nomen;;chemistry;化学;;HSK5-0454;HSK5 / 451-500
chinesisch;huáyì;Nomen;;person of Chinese heritage;华裔;;HSK5-0455;HSK5 / 451-500
Schmetterling;húdié;Nomen;;butterfly;蝴蝶;;HSK5-0456;HSK5 / 451-500
Asche;huī;Nomen;;ash, dust;灰;;HSK5-0457;HSK5 / 451-500
Welle;huī;Verb;;to wave (one's hand);挥;;HSK5-0458;HSK5 / 451-500
Staub;huīchén;Nomen;;dust;灰尘;;HSK5-0459;HSK5 / 451-500
genesen;huīfù;Verb;;to resume;恢复;;HSK5-0460;HSK5 / 451-500
Wechselkurs;huìlǜ;Nomen;;exchange rate;汇率;;HSK5-0461;HSK5 / 451-500
entmutigt;huīxīn;Verb;;to lose heart, to be discouraged;灰心;;HSK5-0462;HSK5 / 451-500
Hochzeit;hūnlǐ;Nomen;;"wedding ceremony; wedding";婚礼;;HSK5-0463;HSK5 / 451-500
Hochzeit;hūnyīn;Nomen;;marriage;婚姻;;HSK5-0464;HSK5 / 451-500
Partner;huǒbàn;Nomen;;partner;伙伴;;HSK5-0465;HSK5 / 451-500
Spiele;huǒchái;Nomen;;matches;火柴;;HSK5-0466;HSK5 / 451-500
vielleicht;huòxǔ;Konjunktion;;perhaps/maybe;或许;;HSK5-0467;HSK5 / 451-500
aktiv;huóyuè;Adjektiv;;active, lively;活跃;;HSK5-0468;HSK5 / 451-500
plötzlich;hūrán;Adverb;;suddenly;忽然;;HSK5-0469;HSK5 / 451-500
Ignorieren;hūshì;Verb;;to ignore, to neglect;忽视;;HSK5-0470;HSK5 / 451-500
Unsinn;húshuō;Verb;;to talk nonsense;胡说;;HSK5-0471;HSK5 / 451-500
Gasse;hútòng;Nomen;;alley (in traditional parts of Beijing);胡同;;HSK5-0472;HSK5 / 451-500
verwirrt;hútu;Adjektiv;;confused, muddled;糊涂;;HSK5-0473;HSK5 / 451-500
atmen;hūxī;Verb;;to breathe;呼吸;;HSK5-0474;HSK5 / 451-500
Binden;jì;Verb;;to tie up, to fasten (e.g. a seatbelt);系;;HSK5-0475;HSK5 / 451-500
Binden;jì lǐngdài;Phrase;;to tie a necktie;系领带;;HSK5-0476;HSK5 / 451-500
heiraten;jià;Verb;;(of a woman) to marry;嫁;;HSK5-0477;HSK5 / 451-500
Erste;jiǎ;Nomen;;first in a series, highest grade of quality;甲;;HSK5-0478;HSK5 / 451-500
Gast;jiābīn;Nomen;;honored guest;嘉宾;;HSK5-0479;HSK5 / 451-500
Abholen;jiǎn;Verb;;to pick up;捡;;HSK5-0480;HSK5 / 451-500
Schulter;jiānbǎng;Nomen;;shoulder;肩膀;;HSK5-0481;HSK5 / 451-500
Schere;jiǎndāo;Nomen;;scissors;剪刀;;HSK5-0482;HSK5 / 451-500
Beachten;jiǎngjiu;Adjektiv;;to pay particular attention to;讲究;;HSK5-0483;HSK5 / 451-500
Beachten;jiǎngjiu;Verb;;to pay particular attention to, to be focused on;讲究;;HSK5-0484;HSK5 / 451-500
Sojasauce;jiàngyóu;Nomen;;soy sauce;酱油;;HSK5-0485;HSK5 / 451-500
Vortrag;jiǎngzuò;Nomen;;(academic) lecture;讲座;;HSK5-0486;HSK5 / 451-500
schwierig;jiānjù;Adjektiv;;arduous;艰巨;;HSK5-0487;HSK5 / 451-500
Entschlossen;jiānjué;Adjektiv;;firm, resolute;坚决;;HSK5-0488;HSK5 / 451-500
hart;jiānkǔ;Adjektiv;;difficult;艰苦;;HSK5-0489;HSK5 / 451-500
Gründen;jiànlì;Verb;;to establish;建立;;HSK5-0490;HSK5 / 451-500
Lebenslauf;jiǎnlì;Nomen;;resume, CV;简历;;HSK5-0491;HSK5 / 451-500
Tastatur;jiànpán;Nomen;;keyboard (of a computer);键盘;;HSK5-0492;HSK5 / 451-500
stark;jiānqiáng;Adjektiv;;strong, staunch;坚强;;HSK5-0493;HSK5 / 451-500
Konstruktion;jiànshè;Nomen;;construction;建设;;HSK5-0494;HSK5 / 451-500
Konstruktion;jiànshè;Verb;;to build;建设;;HSK5-0495;HSK5 / 451-500
Fitness;jiànshēn;Verb;;to work out (at a gym);健身;;HSK5-0496;HSK5 / 451-500
einfach;jiǎnzhí;Adverb;;simply, practically;简直;;HSK5-0497;HSK5 / 451-500
Teilzeit;jiānzhí;Nomen;;a part-time job;兼职;;HSK5-0498;HSK5 / 451-500
Teilzeit;jiānzhí;Verb;;to do a part-time job;兼职;;HSK5-0499;HSK5 / 451-500
Architektur;jiànzhù;Nomen;;"building, structure; architecture";建筑;;HSK5-0500;HSK5 / 451-500
* HSK 5;* HSK 5;* HSK 5;* HSK 5;* HSK 5;* HSK 5;* HSK 5;* HSK 5;* HSK 5
gießen;jiāo;Verb;;to water (plants);浇;;HSK5-0501;HSK5 / 501-550
Lehrbücher;jiàocái;Nomen;;teaching materials;教材;;HSK5-0502;HSK5 / 501-550
Winkel;jiǎodù;Nomen;;angle;角度;;HSK5-0503;HSK5 / 501-550
listig;jiǎohuá;Adjektiv;;cunning, sly;狡猾;;HSK5-0504;HSK5 / 501-550
Austausch;jiāohuàn;Verb;;to exchange, to swap;交换;;HSK5-0505;HSK5 / 501-550
Kommunikation;jiāojì;Nomen;;communication;交际;;HSK5-0506;HSK5 / 501-550
Kommunikation;jiāojì;Verb;;to communicate;交际;;HSK5-0507;HSK5 / 501-550
Trainer;jiàoliàn;Nomen;;coach, trainer;教练;;HSK5-0508;HSK5 / 501-550
Kleber;jiāoshuǐ;Nomen;;glue;胶水;;HSK5-0509;HSK5 / 501-550
Interaktion;jiāowǎng;Nomen;;(interpersonal) relationship;交往;;HSK5-0510;HSK5 / 501-550
Interaktion;jiāowǎng;Verb;;to date (someone);交往;;HSK5-0511;HSK5 / 501-550
Lektion;jiàoxun;Nomen;;to lecture (on principles);教训;;HSK5-0512;HSK5 / 501-550
Lektion;jiàoxun;Verb;;to lecture (on issues of morality);教训;;HSK5-0513;HSK5 / 501-550
Wenn;jiǎrú;Konjunktion;;if;假如;;HSK5-0514;HSK5 / 501-550
Annahme;jiǎshè;Konjunktion;;supposing, assuming;假设;;HSK5-0515;HSK5 / 501-550
fahren;jiàshǐ;Verb;;to pilot, to drive;驾驶;;HSK5-0516;HSK5 / 501-550
Familie;jiātíng;Nomen;;household;家庭;;HSK5-0517;HSK5 / 501-550
Hausarbeit;jiāwù;Nomen;;housework;家务;;HSK5-0518;HSK5 / 501-550
Heimatstadt;jiāxiāng;Nomen;;hometown;家乡;;HSK5-0519;HSK5 / 501-550
Wert;jiàzhí;Nomen;;value;价值;;HSK5-0520;HSK5 / 501-550
vorgeben;jiǎzhuāng;Verb;;to pretend;假装;;HSK5-0521;HSK5 / 501-550
Clip;jiāzi;Nomen;;clip;夹子;;HSK5-0522;HSK5 / 501-550
Basic;jīběn;Adjektiv;;fundamental;基本;;HSK5-0523;HSK5 / 501-550
Sitzung;jiè;ZEW;;[measure word for elections, sporting events, graduating classes];届;;HSK5-0524;HSK5 / 501-550
verzichten;jiè;Verb;;to give up or quit doing (e.g. alcohol, smoking);戒;;HSK5-0525;HSK5 / 501-550
berühren;jiēchù;Nomen;;in come into contact with, to encounter;接触;;HSK5-0526;HSK5 / 501-550
berühren;jiēchù;Verb;;in come into contact with, to encounter;接触;;HSK5-0527;HSK5 / 501-550
Rezeption;jiēdài;Verb;;to receive (a visitor);接待;;HSK5-0528;HSK5 / 501-550
Bühne;jiēduàn;Nomen;;stage, period;阶段;;HSK5-0529;HSK5 / 501-550
Struktur;jiégòu;Nomen;;structure;结构;;HSK5-0530;HSK5 / 501-550
Kombination;jiéhé;Nomen;;combination;结合;;HSK5-0531;HSK5 / 501-550
Kombination;jiéhé;Verb;;to combine, to integrate;结合;;HSK5-0532;HSK5 / 501-550
nahe;jiējìn;Verb;;to get close to;接近;;HSK5-0533;HSK5 / 501-550
Entschuldigung;jièkǒu;Nomen;;excuse;借口;;HSK5-0534;HSK5 / 501-550
abschließend;jiélùn;Nomen;;conclusion;结论;;HSK5-0535;HSK5 / 501-550
speichern;jiéshěng;Verb;;to save, to economize, to cut down on;节省;;HSK5-0536;HSK5 / 501-550
solide;jiēshi;Adjektiv;;sturdy;结实;;HSK5-0537;HSK5 / 501-550
Die Rechnung, bitte;jiézhàng;Verb;;to pay the bill, to settle accounts;结账;;HSK5-0538;HSK5 / 501-550
Ring;jièzhi;Nomen;;(finger) ring;戒指;;HSK5-0539;HSK5 / 501-550
Passieren;jígé;Verb;;to pass, to meet a minimum standard;及格;;HSK5-0540;HSK5 / 501-550
versammeln;jíhé;Verb;;to gather, to assemble;集合;;HSK5-0541;HSK5 / 501-550
erbittert;jīliè;Adverb;;intense;激烈;;HSK5-0542;HSK5 / 501-550
Aufzeichnen;jìlù;Nomen;;a (written) record;记录;;HSK5-0543;HSK5 / 501-550
Aufzeichnen;jìlù;Nomen;;variant of 记录;纪录;;HSK5-0544;HSK5 / 501-550
Disziplin;jìlǜ;Nomen;;discipline;纪律;;HSK5-0545;HSK5 / 501-550
hastig;jímáng;Adverb;;hastily;急忙;;HSK5-0546;HSK5 / 501-550
einsam;jìmò;Adjektiv;;lonely;寂寞;;HSK5-0547;HSK5 / 501-550
Fortschritt;jìnbù;Verb;;to improve, to progress;进步;;HSK5-0548;HSK5 / 501-550
Moderne Zeiten;jìndài;Adjektiv;;early modern times (mid-19th century to 1919);近代;;HSK5-0549;HSK5 / 501-550
Klassiker;jīngdiǎn;Adjektiv;;classic, classical;经典;;HSK5-0550;HSK5 / 501-550
* HSK 5;* HSK 5;* HSK 5;* HSK 5;* HSK 5;* HSK 5;* HSK 5;* HSK 5;* HSK 5
Energie;jīnglì;Nomen;;energy;精力;;HSK5-0551;HSK5 / 551-600
Geschäftstätigkeit;jīngshāng;Verb;;to trade, to engage in commercial activities;经商;;HSK5-0552;HSK5 / 551-600
Geist;jīngshén;Nomen;;energy, spirits;精神;;HSK5-0553;HSK5 / 551-600
Geschäft;jīngyíng;Verb;;to operate (a business);经营;;HSK5-0554;HSK5 / 551-600
gedenken;jìniàn;Verb;;to commemorate;纪念;;HSK5-0555;HSK5 / 551-600
dringend;jǐnjí;Adjektiv;;urgent, pressing;紧急;;HSK5-0556;HSK5 / 551-600
Import;jìnkǒu;Verb;;to import;进口;;HSK5-0557;HSK5 / 551-600
SOFORT;jìnkuài;Adverb;;as quickly as possible;尽快;;HSK5-0558;HSK5 / 551-600
Gib dein Bestes;jìnlì;Verb;;to try one's hardest;尽力;;HSK5-0559;HSK5 / 551-600
Gib dein Bestes;jǐnliàng;Adverb;;to the best of one's ability;尽量;;HSK5-0560;HSK5 / 551-600
zurückhaltend;jǐnshèn;Adjektiv;;cautious;谨慎;;HSK5-0561;HSK5 / 551-600
Metall;jīnshǔ;Nomen;;metal;金属;;HSK5-0562;HSK5 / 551-600
äußerst;jíqí;Adverb;;extremely;极其;;HSK5-0563;HSK5 / 551-600
Maschine;jīqì;Nomen;;machine;机器;;HSK5-0564;HSK5 / 551-600
Muskel;jīròu;Nomen;;muscle;肌肉;;HSK5-0565;HSK5 / 551-600
berechnen;jìsuàn;Nomen;;to calculate;计算;;HSK5-0566;HSK5 / 551-600
Kollektiv;jítǐ;Nomen;;collective (behavior, etc.);集体;;HSK5-0567;HSK5 / 551-600
speichern;jiù;Verb;;to save, to rescue;救;;HSK5-0568;HSK5 / 551-600
Bar;jiǔbā;Nomen;;bar, pub;酒吧;;HSK5-0569;HSK5 / 551-600
Krankenwagen;jiùhùchē;Nomen;;ambulance;救护车;;HSK5-0570;HSK5 / 551-600
Onkel;jiùjiu;Nomen;;uncle (mother's brother);舅舅;;HSK5-0571;HSK5 / 551-600
Erinnerung;jìyì;Nomen;;memories;记忆;;HSK5-0572;HSK5 / 551-600
Notfall;jízhěn;Nomen;;emergency ward (of a hospital);急诊;;HSK5-0573;HSK5 / 551-600
konzentriert;jízhōng;Verb;;to concentrate (something);集中;;HSK5-0574;HSK5 / 551-600
spenden;juān;Verb;;to donate;捐;;HSK5-0575;HSK5 / 551-600
haben;jùbèi;Verb;;to possess;具备;;HSK5-0576;HSK5 / 551-600
riesig;jùdà;Adjektiv;;huge;巨大;;HSK5-0577;HSK5 / 551-600
Absolute;juéduì;Adverb;;absolutely;绝对;;HSK5-0578;HSK5 / 551-600
Finale;juésài;Nomen;;finals (in a competition);决赛;;HSK5-0579;HSK5 / 551-600
Rolle;juésè;Nomen;;role (in a story);角色;;HSK5-0580;HSK5 / 551-600
Bestimmung;juéxīn;Nomen;;determination;决心;;HSK5-0581;HSK5 / 551-600
Verein;jùlèbù;Nomen;;club;俱乐部;;HSK5-0582;HSK5 / 551-600
Militär;jūnshì;Nomen;;military affairs;军事;;HSK5-0583;HSK5 / 551-600
Uniform;jūnyún;Adjektiv;;well-distributed;均匀;;HSK5-0584;HSK5 / 551-600
Überraschenderweise;jūrán;Adverb;;unexpectedly, to one's surprise;居然;;HSK5-0585;HSK5 / 551-600
Es läutet;jùshuō;Verb;;"it is said that; reportedly";据说;;HSK5-0586;HSK5 / 551-600
spezifisch;jùtǐ;Adjektiv;;specific;具体;;HSK5-0587;HSK5 / 551-600
spezifisch;jùtǐ;Adverb;;specifically;具体;;HSK5-0588;HSK5 / 551-600
orange;júzi;Nomen;;tangerine, Mandarin orange;桔子;;HSK5-0589;HSK5 / 551-600
LKW;kǎchē;Nomen;;truck;卡车;;HSK5-0590;HSK5 / 551-600
Entwicklung;kāifā;Nomen;;development;开发;;HSK5-0591;HSK5 / 551-600
Entwicklung;kāifā;Verb;;to develop (software, business, etc.);开发;;HSK5-0592;HSK5 / 551-600
offen;kāifàng;Verb;;to open up;开放;;HSK5-0593;HSK5 / 551-600
Eröffnungszeremonie;kāimùshì;Nomen;;opening ceremony;开幕式;;HSK5-0594;HSK5 / 551-600
kochendes Wasser;kāishuǐ;Nomen;;boiled water;开水;;HSK5-0595;HSK5 / 551-600
schneiden;kǎn;Verb;;to chop;砍;;HSK5-0596;HSK5 / 551-600
verachten;kànbuqǐ;Verb;;to look down on;看不起;;HSK5-0597;HSK5 / 551-600
besuchen;kànwàng;Verb;;to call on, to visit;看望;;HSK5-0598;HSK5 / 551-600
Sich verlassen auf;kào;Verb;;to depend on;靠;;HSK5-0599;HSK5 / 551-600
Gramm;kè;ZEW;;gram (g);克;;HSK5-0600;HSK5 / 551-600
* HSK 5;* HSK 5;* HSK 5;* HSK 5;* HSK 5;* HSK 5;* HSK 5;* HSK 5;* HSK 5
Körner, Perlen;kē;ZEW;;[measure word for for small balls like teeth, hearts, pearls, corn kernels];颗;;HSK5-0601;HSK5 / 601-650
Kurs;kèchéng;Nomen;;course, curriculum;课程;;HSK5-0602;HSK5 / 601-650
überwinden;kèfú;Verb;;to overcome;克服;;HSK5-0603;HSK5 / 601-650
Objektiv;kèguān;Adjektiv;;objective (opposite of subjective);客观;;HSK5-0604;HSK5 / 601-650
sichtbar;kějiàn;Konjunktion;;it can clearly be seen (that this is the case);可见;;HSK5-0605;HSK5 / 601-650
zuverlässig;kěkào;Adjektiv;;reliable;可靠;;HSK5-0606;HSK5 / 601-650
harte Arbeit;kèkǔ;Adjektiv;;hardworking, painstaking;刻苦;;HSK5-0607;HSK5 / 601-650
schrecklich;kěpà;Adjektiv;;scary, terrible;可怕;;HSK5-0608;HSK5 / 601-650
Raum;kōngjiān;Nomen;;space;空间;;HSK5-0609;HSK5 / 601-650
Leerlauf;kòngxián;Adjektiv;;idle;空闲;;HSK5-0610;HSK5 / 601-650
Kontrolle;kòngzhì;Nomen;;control;控制;;HSK5-0611;HSK5 / 601-650
Kontrolle;kòngzhì;Verb;;to control;控制;;HSK5-0612;HSK5 / 601-650
schmecken;kǒuwèi;Nomen;;flavor, taste;口味;;HSK5-0613;HSK5 / 601-650
Prahlerei;kuā;Verb;;to praise;夸;;HSK5-0614;HSK5 / 601-650
Buchhaltung;kuàijì;Nomen;;"accountant; accounting";会计;;HSK5-0615;HSK5 / 601-650
Breite;kuān;Adjektiv;;wide, broad;宽;;HSK5-0616;HSK5 / 601-650
übertreiben;kuāzhāng;Adjektiv;;exaggerated;夸张;;HSK5-0617;HSK5 / 601-650
übertreiben;kuāzhāng;Verb;;to exaggerate;夸张;;HSK5-0618;HSK5 / 601-650
Insekt;kūnchóng;Nomen;;insect;昆虫;;HSK5-0619;HSK5 / 601-650
expandieren;kuòdà;Verb;;to expand;扩大;;HSK5-0620;HSK5 / 601-650
Chili;làjiāo;Nomen;;hot pepper;辣椒;;HSK5-0621;HSK5 / 601-650
Bar;lán;Verb;;to block (someone's path);拦;;HSK5-0622;HSK5 / 601-650
faul;làn;Adjektiv;;"rotten; overcooked; lousy";烂;;HSK5-0623;HSK5 / 601-650
Vorlesen;lǎngdú;Verb;;to read aloud;朗读;;HSK5-0624;HSK5 / 601-650
gewöhnliche Menschen;lǎobǎixìng;Nomen;;the ordinary people;老百姓;;HSK5-0625;HSK5 / 601-650
Chef;lǎobǎn;Nomen;;boss;老板;;HSK5-0626;HSK5 / 601-650
Arbeit;láodòng;Nomen;;labor, work;劳动;;HSK5-0627;HSK5 / 601-650
Arbeit;láodòng;Verb;;to work;劳动;;HSK5-0628;HSK5 / 601-650
Verzeihung;láojià;Verb;;excuse me;劳驾;;HSK5-0629;HSK5 / 601-650
Oma;lǎolao;Nomen;;maternal grandmother;姥姥;;HSK5-0630;HSK5 / 601-650
Gattin;lǎopo;Nomen;;(informal) wife;老婆;;HSK5-0631;HSK5 / 601-650
ehrlich;lǎoshí;Adjektiv;;honest, naive;老实;;HSK5-0632;HSK5 / 601-650
Maus;lǎoshǔ;Nomen;;rat, mouse;老鼠;;HSK5-0633;HSK5 / 601-650
Optimismus;lèguān;Adjektiv;;optimistic;乐观;;HSK5-0634;HSK5 / 601-650
Donner;léi;Nomen;;thunder;雷;;HSK5-0635;HSK5 / 601-650
Typ;lèixíng;Nomen;;type, category;类型;;HSK5-0636;HSK5 / 601-650
kalt;lěngdàn;Adjektiv;;cold;冷淡;;HSK5-0637;HSK5 / 601-650
Birne;lí;Nomen;;pear;梨;;HSK5-0638;HSK5 / 601-650
verliebt;liàn'ài;Nomen;;(romantic) love;恋爱;;HSK5-0639;HSK5 / 601-650
verliebt;liàn'ài;Verb;;to be in love;恋爱;;HSK5-0640;HSK5 / 601-650
Hell;liàng;Adjektiv;;bright;亮;;HSK5-0641;HSK5 / 601-650
Hell;liàng;Verb;;to brighten;亮;;HSK5-0642;HSK5 / 601-650
Gut;liánghǎo;Adjektiv;;good;良好;;HSK5-0643;HSK5 / 601-650
Essen;liángshi;Nomen;;foodstuff, cereals;粮食;;HSK5-0644;HSK5 / 601-650
gemeinsam;liánhé;Verb;;to unite;联合;;HSK5-0645;HSK5 / 601-650
Sofort;liánmáng;Adverb;;promptly;连忙;;HSK5-0646;HSK5 / 601-650
kontinuierlich;liánxù;Adverb;;in a row, continuous;连续;;HSK5-0647;HSK5 / 601-650
toll;liǎobuqǐ;Adjektiv;;amazing;了不起;;HSK5-0648;HSK5 / 601-650
Zug;lièchē;Nomen;;(railway) train;列车;;HSK5-0649;HSK5 / 601-650
Scheidung;líhūn;Verb;;to get a divorce;离婚;;HSK5-0650;HSK5 / 601-650
* HSK 5;* HSK 5;* HSK 5;* HSK 5;* HSK 5;* HSK 5;* HSK 5;* HSK 5;* HSK 5
sofort;lìjí;Adverb;;immediately;立即;;HSK5-0651;HSK5 / 651-700
sofort;lìkè;Adverb;;immediately;立刻;;HSK5-0652;HSK5 / 651-700
Stärke;lìliang;Nomen;;power;力量;;HSK5-0653;HSK5 / 651-700
Theorie;lǐlùn;Nomen;;theory;理论;;HSK5-0654;HSK5 / 651-700
Zentimeter;límǐ;ZEW;;centimeter (cm);厘米;;HSK5-0655;HSK5 / 651-700
Glocke;líng;Nomen;;(small) bell;铃;;HSK5-0656;HSK5 / 651-700
führen;lǐngdǎo;Nomen;;leader;领导;;HSK5-0657;HSK5 / 651-700
führen;lǐngdǎo;Verb;;to lead;领导;;HSK5-0658;HSK5 / 651-700
flexibel;línghuó;Adjektiv;;flexible, nimble, agile;灵活;;HSK5-0659;HSK5 / 651-700
Komponente;língjiàn;Nomen;;part (of a machine);零件;;HSK5-0660;HSK5 / 651-700
Snack;língshí;Nomen;;snack;零食;;HSK5-0661;HSK5 / 651-700
Feld;lǐngyù;Nomen;;domain, field, area;领域;;HSK5-0662;HSK5 / 651-700
vorübergehend;línshí;Adjektiv;;temporary, at the last minute;临时;;HSK5-0663;HSK5 / 651-700
profitieren;lìrùn;Nomen;;profit;利润;;HSK5-0664;HSK5 / 651-700
verbreiten;liúchuán;Verb;;to spread;流传;;HSK5-0665;HSK5 / 651-700
Durchsuchen;liúlǎn;Verb;;to browse;浏览;;HSK5-0666;HSK5 / 651-700
Tränen;liúlèi;Verb;;to shed tears;流泪;;HSK5-0667;HSK5 / 651-700
Interesse;lìxī;Nomen;;interest (in the financial sense);利息;;HSK5-0668;HSK5 / 651-700
Nutzen;lìyì;Nomen;;benefit;利益;;HSK5-0669;HSK5 / 651-700
verwenden;lìyòng;Verb;;to use (even a person), to utilize;利用;;HSK5-0670;HSK5 / 651-700
Grund;lǐyóu;Nomen;;reason;理由;;HSK5-0671;HSK5 / 651-700
Drachen;lóng;Nomen;;dragon;龙;;HSK5-0672;HSK5 / 651-700
Leck;lòu;Verb;;to leak, to mistakenly leave out;漏;;HSK5-0673;HSK5 / 651-700
Land;lùdì;Nomen;;dry land (as opposed to the sea);陆地;;HSK5-0674;HSK5 / 651-700
drehen;lúnliú;Adverb;;in turns, by turn;轮流;;HSK5-0675;HSK5 / 651-700
Papier;lùnwén;Nomen;;thesis;论文;;HSK5-0676;HSK5 / 651-700
hinter;luòhòu;Verb;;to fall behind;落后;;HSK5-0677;HSK5 / 651-700
Logik;luóji;Nomen;;logic;逻辑;;HSK5-0678;HSK5 / 651-700
Zulassung;lùqǔ;Verb;;to recruit, to enroll;录取;;HSK5-0679;HSK5 / 651-700
nacheinander;lùxù;Adverb;;in succession;陆续;;HSK5-0680;HSK5 / 651-700
Aufnahme;lùyīn;Nomen;;(audio) recording;录音;;HSK5-0681;HSK5 / 651-700
Aufnahme;lùyīn;Verb;;to record (audio);录音;;HSK5-0682;HSK5 / 651-700
schimpfen;mà;Verb;;to yell at, to scold, to curse;骂;;HSK5-0683;HSK5 / 651-700
Mikrofon;màikèfēng;Nomen;;microphone;麦克风;;HSK5-0684;HSK5 / 651-700
Gedämpftes Brötchen;mántou;Nomen;;steamed roll;馒头;;HSK5-0685;HSK5 / 651-700
erfüllen;mǎnzú;Verb;;to satisfy;满足;;HSK5-0686;HSK5 / 651-700
Problem;máobìng;Nomen;;defect, fault;毛病;;HSK5-0687;HSK5 / 651-700
Widerspruch;máodùn;Adjektiv;;contradicting;矛盾;;HSK5-0688;HSK5 / 651-700
Widerspruch;máodùn;Nomen;;contradiction;矛盾;;HSK5-0689;HSK5 / 651-700
Abenteuer;màoxiǎn;Nomen;;adventure;冒险;;HSK5-0690;HSK5 / 651-700
Abenteuer;màoxiǎn;Verb;;to take a risk;冒险;;HSK5-0691;HSK5 / 651-700
Handel;màoyì;Nomen;;trade;贸易;;HSK5-0692;HSK5 / 651-700
Charme;mèilì;Nomen;;charm, charisma;魅力;;HSK5-0693;HSK5 / 651-700
Augenbraue;méimao;Nomen;;eyebrow;眉毛;;HSK5-0694;HSK5 / 651-700
Kunst;měishù;Nomen;;fine arts;美术;;HSK5-0695;HSK5 / 651-700
Kohle;méitàn;Nomen;;coal;煤炭;;HSK5-0696;HSK5 / 651-700
Medien;méitǐ;Nomen;;the media;媒体;;HSK5-0697;HSK5 / 651-700
Traum;mèngxiǎng;Nomen;;life dream;梦想;;HSK5-0698;HSK5 / 651-700
Gesicht;miànduì;Verb;;to confront, to face;面对;;HSK5-0699;HSK5 / 651-700
Bereich;miànjī;Nomen;;(surface) area;面积;;HSK5-0700;HSK5 / 651-700
* HSK 5;* HSK 5;* HSK 5;* HSK 5;* HSK 5;* HSK 5;* HSK 5;* HSK 5;* HSK 5
Konfrontiert;miànlín;Verb;;to be faced with (a situation);面临;;HSK5-0701;HSK5 / 701-750
schlank;miáotiáo;Adjektiv;;slender and shapely;苗条;;HSK5-0702;HSK5 / 701-750
Beschreibung;miáoxiě;Verb;;to describe;描写;;HSK5-0703;HSK5 / 701-750
Biene;mìfēng;Nomen;;bee;蜜蜂;;HSK5-0704;HSK5 / 701-750
Geheimnis;mìmì;Adjektiv;;secret;秘密;;HSK5-0705;HSK5 / 701-750
Geheimnis;mìmì;Nomen;;secret;秘密;;HSK5-0706;HSK5 / 701-750
empfindlich;mǐngǎn;Adjektiv;;sensitive;敏感;;HSK5-0707;HSK5 / 701-750
Befehl;mìnglìng;Nomen;;a command;命令;;HSK5-0708;HSK5 / 701-750
Befehl;mìnglìng;Verb;;to give a command;命令;;HSK5-0709;HSK5 / 701-750
bekannte Marke;míngpái;Nomen;;famous brand;名牌;;HSK5-0710;HSK5 / 701-750
Visitenkarte;míngpiàn;Nomen;;business card;名片;;HSK5-0711;HSK5 / 701-750
klar;míngquè;Adjektiv;;clear-cut, definite;明确;;HSK5-0712;HSK5 / 701-750
Sehenswürdigkeiten und historische Stätten;míngshèng gǔjì;Nomen;;historical sites and scenic spots;名胜古迹;;HSK5-0713;HSK5 / 701-750
offensichtlich;míngxiǎn;Adjektiv;;obvious;明显;;HSK5-0714;HSK5 / 701-750
Stern;míngxīng;Nomen;;a star, a celebrity;明星;;HSK5-0715;HSK5 / 701-750
Bestimmung;mìngyùn;Nomen;;fate;命运;;HSK5-0716;HSK5 / 701-750
schließen;mìqiè;Adjektiv;;intimate, closely related;密切;;HSK5-0717;HSK5 / 701-750
Sekretär;mìshū;Nomen;;secretary;秘书;;HSK5-0718;HSK5 / 701-750
berühren;mō;Verb;;to touch, to feel (with one's hand), to stroke;摸;;HSK5-0719;HSK5 / 701-750
imitieren;mófǎng;Verb;;to imitate;模仿;;HSK5-0720;HSK5 / 701-750
Vage;móhu;Adjektiv;;vague, blurry;模糊;;HSK5-0721;HSK5 / 701-750
Fremdheit;mòshēng;Adjektiv;;unfamiliar;陌生;;HSK5-0722;HSK5 / 701-750
Modell;mótè;Nomen;;(fashion) model;模特;;HSK5-0723;HSK5 / 701-750
Motorrad;mótuō;Nomen;;motorbike;摩托;;HSK5-0724;HSK5 / 701-750
bestimmt;mǒu;Adjektiv;;some..., a certain...;某;;HSK5-0725;HSK5 / 701-750
Ziel;mùbiāo;Nomen;;target;目标;;HSK5-0726;HSK5 / 701-750
Inhaltsverzeichnis;mùlù;Nomen;;index, table of contents;目录;;HSK5-0727;HSK5 / 701-750
derzeit;mùqián;Nomen;;currently;目前;;HSK5-0728;HSK5 / 701-750
Holz;mùtou;Nomen;;wood;木头;;HSK5-0729;HSK5 / 701-750
Kein Wunder;nánguài;Konjunktion;;no wonder;难怪;;HSK5-0730;HSK5 / 701-750
Zwangsläufig;nánmiǎn;Adverb;;difficult to avoid, will inevitably;难免;;HSK5-0731;HSK5 / 701-750
Kopf;nǎodài;Nomen;;head;脑袋;;HSK5-0732;HSK5 / 701-750
Selbst wenn;nǎpà;Konjunktion;;even if, even though;哪怕;;HSK5-0733;HSK5 / 701-750
intern;nèibù;Nomen;;interior;内部;;HSK5-0734;HSK5 / 701-750
Innere Medizin;nèikē;Nomen;;internal medicine;内科;;HSK5-0735;HSK5 / 701-750
zart;nèn;Adjektiv;;tender;嫩;;HSK5-0736;HSK5 / 701-750
fähig;nénggàn;Adjektiv;;capable;能干;;HSK5-0737;HSK5 / 701-750
Energie;néngyuán;Nomen;;energy source;能源;;HSK5-0738;HSK5 / 701-750
lesen;niàn;Verb;;to read aloud;念;;HSK5-0739;HSK5 / 701-750
Epoche;niándài;Nomen;;"an ""era"" (non-specific timerame)";年代;;HSK5-0740;HSK5 / 701-750
Alter;niánjì;Nomen;;age;年纪;;HSK5-0741;HSK5 / 701-750
eher;nìngkě;Konjunktion;;would rather;宁可;;HSK5-0742;HSK5 / 701-750
Jeans;niúzǎikù;Nomen;;jeans;牛仔裤;;HSK5-0743;HSK5 / 701-750
konzentriert;nóng;Adjektiv;;concentrated, dense, strong;浓;;HSK5-0744;HSK5 / 701-750
ländliche Gebiete;nóngcūn;Nomen;;the countryside;农村;;HSK5-0745;HSK5 / 701-750
Bauern;nóngmín;Nomen;;farmer;农民;;HSK5-0746;HSK5 / 701-750
Landwirtschaft;nóngyè;Nomen;;agriculture;农业;;HSK5-0747;HSK5 / 701-750
Vermissen;nǚshì;Nomen;;lady, madam;女士;;HSK5-0748;HSK5 / 701-750
versehentlich;ǒurán;Adjektiv;;accidental, coincidental;偶然;;HSK5-0749;HSK5 / 701-750
versehentlich;ǒurán;Adverb;;accidentally;偶然;;HSK5-0750;HSK5 / 701-750
* HSK 5;* HSK 5;* HSK 5;* HSK 5;* HSK 5;* HSK 5;* HSK 5;* HSK 5;* HSK 5
Europa;Ōuzhōu;Nomen;;Europe;欧洲;;HSK5-0751;HSK5 / 751-800
Gruppe;pài;Nomen;;faction, school of thought;派;;HSK5-0752;HSK5 / 751-800
Gruppe;pài;Verb;;to send (on official business);派;;HSK5-0753;HSK5 / 751-800
schießen;pāi;Verb;;to pat, to clap, to slap;拍;;HSK5-0754;HSK5 / 751-800
Hoffnung;pànwàng;Verb;;to long for;盼望;;HSK5-0755;HSK5 / 751-800
Entschädigung;péicháng;Nomen;;compensation;赔偿;;HSK5-0756;HSK5 / 751-800
Entschädigung;péicháng;Verb;;to compensate;赔偿;;HSK5-0757;HSK5 / 751-800
bewundern;pèifú;Verb;;to admire;佩服;;HSK5-0758;HSK5 / 751-800
Zusammenarbeiten;pèihé;Nomen;;cooperation;配合;;HSK5-0759;HSK5 / 751-800
Zusammenarbeiten;pèihé;Verb;;to cooperate with;配合;;HSK5-0760;HSK5 / 751-800
Ausbildung;péixùn;Nomen;;training;培训;;HSK5-0761;HSK5 / 751-800
Ausbildung;péixùn;Verb;;to train;培训;;HSK5-0762;HSK5 / 751-800
nähren;péiyǎng;Nomen;;sustenance;培养;;HSK5-0763;HSK5 / 751-800
nähren;péiyǎng;Verb;;to nurture;培养;;HSK5-0764;HSK5 / 751-800
Pot;pén;ZEW;;[measure word for something in a pot];盆;;HSK5-0765;HSK5 / 751-800
Pot;pén;Nomen;;flower pot;盆;;HSK5-0766;HSK5 / 751-800
stoßen;pèng;Verb;;"to bump; to touch";碰;;HSK5-0767;HSK5 / 751-800
Charge;pī;ZEW;;batch;批;;HSK5-0768;HSK5 / 751-800
übereinstimmen;pī;ZEW;;[measure word for houses];匹;;HSK5-0769;HSK5 / 751-800
Mantel;pī;Verb;;to drape over one's shoulders;披;;HSK5-0770;HSK5 / 751-800
Stück;piān;ZEW;;[measure word for sheets or slices];片;;HSK5-0771;HSK5 / 751-800
einseitig;piànmiàn;Adjektiv;;one-sided;片面;;HSK5-0772;HSK5 / 751-800
schweben;piāo;Verb;;to float;飘;;HSK5-0773;HSK5 / 751-800
Ermüdung;píláo;Adjektiv;;weary;疲劳;;HSK5-0774;HSK5 / 751-800
Ermüdung;píláo;Nomen;;weariness;疲劳;;HSK5-0775;HSK5 / 751-800
Kanal;píndào;Nomen;;channel;频道;;HSK5-0776;HSK5 / 751-800
Wohnung;píng;Adjektiv;;flat;平;;HSK5-0777;HSK5 / 751-800
Von;píng;Verb;;based on;凭;;HSK5-0778;HSK5 / 751-800
Sicherheit;píng'ān;Adjektiv;;safe and sound;平安;;HSK5-0779;HSK5 / 751-800
normalerweise;píngcháng;Adverb;;usually;平常;;HSK5-0780;HSK5 / 751-800
Gleichwertigkeit;píngděng;Adjektiv;;equal;平等;;HSK5-0781;HSK5 / 751-800
Gleichwertigkeit;píngděng;Nomen;;equality;平等;;HSK5-0782;HSK5 / 751-800
Quadrat;píngfāng;Nomen;;square (as in square meters);平方;;HSK5-0783;HSK5 / 751-800
Gleichgewicht;pínghéng;Nomen;;balance;平衡;;HSK5-0784;HSK5 / 751-800
Gleichgewicht;pínghéng;Verb;;to balance;平衡;;HSK5-0785;HSK5 / 751-800
auswerten;píngjià;Nomen;;evaluation;评价;;HSK5-0786;HSK5 / 751-800
auswerten;píngjià;Verb;;to evaluate;评价;;HSK5-0787;HSK5 / 751-800
ruhig;píngjìng;Adjektiv;;serene;平静;;HSK5-0788;HSK5 / 751-800
Durchschnitt;píngjūn;Verb;;to average;平均;;HSK5-0789;HSK5 / 751-800
Pinyin;pīnyīn;Nomen;;pinyin (Chinese romanization);拼音;;HSK5-0790;HSK5 / 751-800
genehmigen;pīzhǔn;Verb;;to approve;批准;;HSK5-0791;HSK5 / 751-800
Konkurs;pòchǎn;Verb;;to go bankrupt;破产;;HSK5-0792;HSK5 / 751-800
zerstören;pòhuài;Verb;;to destroy;破坏;;HSK5-0793;HSK5 / 751-800
dringend;pòqiè;Adverb;;urgently;迫切;;HSK5-0794;HSK5 / 751-800
verdanken;qiàn;Verb;;to owe;欠;;HSK5-0795;HSK5 / 751-800
seicht;qiǎn;Adjektiv;;shallow (of water), light (of colors);浅;;HSK5-0796;HSK5 / 751-800
Zeichen;qiān;Verb;;to sign (one's name);签;;HSK5-0797;HSK5 / 751-800
Wand;qiáng;Nomen;;wall;墙;;HSK5-0798;HSK5 / 751-800
Rauben;qiǎng;Verb;;to grab, to rob;抢;;HSK5-0799;HSK5 / 751-800
Pistole;qiāng;Nomen;;gun;枪;;HSK5-0800;HSK5 / 751-800
* HSK 5;* HSK 5;* HSK 5;* HSK 5;* HSK 5;* HSK 5;* HSK 5;* HSK 5;* HSK 5
betonen;qiángdiào;Verb;;to emphasize;强调;;HSK5-0801;HSK5 / 801-850
stark;qiángliè;Adverb;;intense;强烈;;HSK5-0802;HSK5 / 801-850
Zukunft;qiántú;Nomen;;prospects, future outlook;前途;;HSK5-0803;HSK5 / 801-850
Bescheidenheit;qiānxū;Adjektiv;;modest;谦虚;;HSK5-0804;HSK5 / 801-850
Suchen;qiáo;Verb;;to look at;瞧;;HSK5-0805;HSK5 / 801-850
clever;qiǎomiào;Adjektiv;;ingenious;巧妙;;HSK5-0806;HSK5 / 801-850
ruhig;qiāoqiāo;Adverb;;secretly;悄悄;;HSK5-0807;HSK5 / 801-850
erwarten;qīdài;Verb;;to look forward to;期待;;HSK5-0808;HSK5 / 801-850
schneiden;qiē;Verb;;to cut, to slice;切;;HSK5-0809;HSK5 / 801-850
Inspiration;qǐfā;Nomen;;inspiration;启发;;HSK5-0810;HSK5 / 801-850
Inspiration;qǐfā;Verb;;to inspire;启发;;HSK5-0811;HSK5 / 801-850
Atmosphäre;qìfēn;Nomen;;atmosphere, mood;气氛;;HSK5-0812;HSK5 / 801-850
Wunder;qíjì;Nomen;;miracle;奇迹;;HSK5-0813;HSK5 / 801-850
Zeitraum;qījiān;Nomen;;time period;期间;;HSK5-0814;HSK5 / 801-850
Liebling;qīn'ài;Adjektiv;;dear;亲爱;;HSK5-0815;HSK5 / 801-850
fleißig;qínfèn;Adjektiv;;diligent, hardworking;勤奋;;HSK5-0816;HSK5 / 801-850
Grün;qīng;Adjektiv;;green;青;;HSK5-0817;HSK5 / 801-850
Jugend;qīngchūn;Nomen;;youth;青春;;HSK5-0818;HSK5 / 801-850
Licht;qīngdàn;Adjektiv;;light (of food, not greasy or strongly seasoned);清淡;;HSK5-0819;HSK5 / 801-850
Szene;qíngjǐng;Nomen;;situation;情景;;HSK5-0820;HSK5 / 801-850
fragen;qǐngqiú;Nomen;;a request;请求;;HSK5-0821;HSK5 / 801-850
fragen;qǐngqiú;Verb;;to request;请求;;HSK5-0822;HSK5 / 801-850
Teenager;qīngshàonián;Nomen;;adolescent, teenager;青少年;;HSK5-0823;HSK5 / 801-850
Verachtung;qīngshì;Verb;;to despise, to look down on;轻视;;HSK5-0824;HSK5 / 801-850
Stimmung;qíngxù;Nomen;;mood;情绪;;HSK5-0825;HSK5 / 801-850
leicht;qīngyì;Adverb;;easily, lightly, rashly;轻易;;HSK5-0826;HSK5 / 801-850
feiern;qìngzhù;Verb;;to celebrate;庆祝;;HSK5-0827;HSK5 / 801-850
Art;qīnqiè;Adjektiv;;amiable;亲切;;HSK5-0828;HSK5 / 801-850
persönlich;qīnzì;Adverb;;personally;亲自;;HSK5-0829;HSK5 / 801-850
Lüfter;qiúmí;Nomen;;sports fan;球迷;;HSK5-0830;HSK5 / 801-850
Unternehmen;qǐyè;Nomen;;enterprise, business;企业;;HSK5-0831;HSK5 / 801-850
Benzin;qìyóu;Nomen;;gasoline;汽油;;HSK5-0832;HSK5 / 801-850
Der Rest;qíyú;Adjektiv;;the others;其余;;HSK5-0833;HSK5 / 801-850
Heiraten;qǔ;Verb;;to marry a woman;娶;;HSK5-0834;HSK5 / 801-850
beraten;quàn;Verb;;to urge;劝;;HSK5-0835;HSK5 / 801-850
absperren;quān;Nomen;;circle;圈;;HSK5-0836;HSK5 / 801-850
Diese Macht;quánlì;Nomen;;power, rights;权力;;HSK5-0837;HSK5 / 801-850
Rechts;quánlì;Nomen;;right, privilege;权利;;HSK5-0838;HSK5 / 801-850
umfassend;quánmiàn;Adjektiv;;all-around, comprehensive;全面;;HSK5-0839;HSK5 / 801-850
Sicher;quèdìng;Verb;;to be sure;确定;;HSK5-0840;HSK5 / 801-850
Mangel;quēfá;Verb;;to be short of, to lack;缺乏;;HSK5-0841;HSK5 / 801-850
bestätigen;quèrèn;Verb;;to confirm;确认;;HSK5-0842;HSK5 / 801-850
Gruppe;qún;ZEW;;group;群;;HSK5-0843;HSK5 / 801-850
Verstorben;qùshì;Verb;;to pass away, to die;去世;;HSK5-0844;HSK5 / 801-850
Trend;qūshì;Nomen;;trend, tendency;趋势;;HSK5-0845;HSK5 / 801-850
Stornieren;qǔxiāo;Verb;;to cancel;取消;;HSK5-0846;HSK5 / 801-850
Verbrennung;ránshāo;Verb;;to burn;燃烧;;HSK5-0847;HSK5 / 801-850
Um;rào;Verb;;to revolve, to move around, to wind;绕;;HSK5-0848;HSK5 / 801-850
Hingabe;rè'ài;Verb;;to love fervently;热爱;;HSK5-0849;HSK5 / 801-850
warm;rèliè;Adverb;;enthusiastic;热烈;;HSK5-0850;HSK5 / 801-850
* HSK 5;* HSK 5;* HSK 5;* HSK 5;* HSK 5;* HSK 5;* HSK 5;* HSK 5;* HSK 5
Ich konnte nichts dafür.;rěnbuzhù;Verb;;to be unable to bear;忍不住;;HSK5-0851;HSK5 / 851-900
Talent;réncái;Nomen;;a person's talent;人才;;HSK5-0852;HSK5 / 851-900
Bevölkerung;rénkǒu;Nomen;;population;人口;;HSK5-0853;HSK5 / 851-900
Menschen;rénlèi;Nomen;;humankind;人类;;HSK5-0854;HSK5 / 851-900
Renminbi;rénmínbì;Nomen;;RMB, Chinese Yuan (CNY);人民币;;HSK5-0855;HSK5 / 851-900
Leben;rénshēng;Nomen;;life (one's time on earth);人生;;HSK5-0856;HSK5 / 851-900
Personal;rénshì;Nomen;;human resources;人事;;HSK5-0857;HSK5 / 851-900
Figur;rénwù;Nomen;;character (in a novel, film, etc.);人物;;HSK5-0858;HSK5 / 851-900
Personal;rényuán;Nomen;;staff personnel;人员;;HSK5-0859;HSK5 / 851-900
enthusiastisch;rèxīn;Adjektiv;;enthusiasm, zeal;热心;;HSK5-0860;HSK5 / 851-900
täglich;rìcháng;Nomen;;daily, routine;日常;;HSK5-0861;HSK5 / 851-900
Zeitplan;rìchéng;Nomen;;schedule;日程;;HSK5-0862;HSK5 / 851-900
Kalender;rìlì;Nomen;;calendar;日历;;HSK5-0863;HSK5 / 851-900
Datum;rìqī;Nomen;;date;日期;;HSK5-0864;HSK5 / 851-900
Dinge des täglichen Bedarfs;rìyòngpǐn;Nomen;;articles for daily use;日用品;;HSK5-0865;HSK5 / 851-900
Tag;rìzi;Nomen;;(special) day;日子;;HSK5-0866;HSK5 / 851-900
weich;ruǎn;Adjektiv;;soft;软;;HSK5-0867;HSK5 / 851-900
Software;ruǎnjiàn;Nomen;;software;软件;;HSK5-0868;HSK5 / 851-900
Wie;rúhé;Interrogativ Pronomen;;how;如何;;HSK5-0869;HSK5 / 851-900
Jetzt;rújīn;Nomen;;nowadays, now;如今;;HSK5-0870;HSK5 / 851-900
schwach;ruò;Adjektiv;;weak, inferior;弱;;HSK5-0871;HSK5 / 851-900
streuen;sǎ;Verb;;to sprinkle;洒;;HSK5-0872;HSK5 / 851-900
Stimme;sǎngzi;Nomen;;throat, voice;嗓子;;HSK5-0873;HSK5 / 851-900
Farbe;sècǎi;Nomen;;coloring;色彩;;HSK5-0874;HSK5 / 851-900
dumm;shǎ;Adjektiv;;silly, foolish;傻;;HSK5-0875;HSK5 / 851-900
töten;shā;Verb;;to kill;杀;;HSK5-0876;HSK5 / 851-900
Sonne;shài;Verb;;"to sun, to put out to dry; to show off (e.g. photos on WeChat)";晒;;HSK5-0877;HSK5 / 851-900
Wüste;shāmò;Nomen;;desert;沙漠;;HSK5-0878;HSK5 / 851-900
löschen;shānchú;Verb;;to delete;删除;;HSK5-0879;HSK5 / 851-900
Blitz;shǎndiàn;Nomen;;lightning;闪电;;HSK5-0880;HSK5 / 851-900
Lass dich täuschen;shàngdàng;Verb;;to be taken in (by a scam);上当;;HSK5-0881;HSK5 / 851-900
Schaden;shānghài;Nomen;;harm;伤害;;HSK5-0882;HSK5 / 851-900
Schaden;shānghài;Verb;;to hurt;伤害;;HSK5-0883;HSK5 / 851-900
Ware;shāngpǐn;Nomen;;commodity, goods;商品;;HSK5-0884;HSK5 / 851-900
Geschäft;shāngwù;Nomen;;commercial affairs;商务;;HSK5-0885;HSK5 / 851-900
Geschäft;shāngyè;Nomen;;business, trade, commerce;商业;;HSK5-0886;HSK5 / 851-900
Art;shànliáng;Adjektiv;;kind, nice;善良;;HSK5-0887;HSK5 / 851-900
Gut in;shànyú;Verb;;to be good at;善于;;HSK5-0888;HSK5 / 851-900
Lüfter;shànzi;Nomen;;fan;扇子;;HSK5-0889;HSK5 / 851-900
Strand;shātān;Nomen;;beach;沙滩;;HSK5-0890;HSK5 / 851-900
Schlange;shé;Nomen;;snake;蛇;;HSK5-0891;HSK5 / 851-900
Ausrüstung;shèbèi;Nomen;;equipment, facilities;设备;;HSK5-0892;HSK5 / 851-900
Widerwillig;shěbude;Verb;;to begrudge doing, to hate to part with;舍不得;;HSK5-0893;HSK5 / 851-900
Design;shèjì;Nomen;;a design;设计;;HSK5-0894;HSK5 / 851-900
Design;shèjì;Verb;;to design;设计;;HSK5-0895;HSK5 / 851-900
Schießen;shèjī;Verb;;to shoot, to fire;射击;;HSK5-0896;HSK5 / 851-900
strecken;shēn;Verb;;to stretch (out);伸;;HSK5-0897;HSK5 / 851-900
Figur;shēncái;Nomen;;figure, body shape;身材;;HSK5-0898;HSK5 / 851-900
Identität;shēnfèn;Nomen;;identity;身份;;HSK5-0899;HSK5 / 851-900
Aufzug;shēng;ZEW;;liter (L);升;;HSK5-0900;HSK5 / 851-900
* HSK 5;* HSK 5;* HSK 5;* HSK 5;* HSK 5;* HSK 5;* HSK 5;* HSK 5;* HSK 5
Aufzug;shēng;Verb;;to raise;升;;HSK5-0901;HSK5 / 901-950
Produktion;shēngchǎn;Verb;;to produce, to manufacture;生产;;HSK5-0902;HSK5 / 901-950
Ton;shēngdiào;Nomen;;tone (of a tonal language);声调;;HSK5-0903;HSK5 / 901-950
lebendig;shēngdòng;Adverb;;vivid, lively;生动;;HSK5-0904;HSK5 / 901-950
Sieg;shènglì;Nomen;;victory;胜利;;HSK5-0905;HSK5 / 901-950
Sieg;shènglì;Verb;;to be victorious;胜利;;HSK5-0906;HSK5 / 901-950
Auslassen;shěnglüè;Verb;;to omit;省略;;HSK5-0907;HSK5 / 901-950
Wachstum;shēngzhǎng;Verb;;to grow up, to develop;生长;;HSK5-0908;HSK5 / 901-950
Seil;shéngzi;Nomen;;rope, cord;绳子;;HSK5-0909;HSK5 / 901-950
Mythos;shénhuà;Nomen;;myth;神话;;HSK5-0910;HSK5 / 901-950
tiefgreifend;shēnkè;Adjektiv;;deep, profound;深刻;;HSK5-0911;HSK5 / 901-950
Geheimnis;shénmì;Adjektiv;;mysterious;神秘;;HSK5-0912;HSK5 / 901-950
Einrichtung;shèshī;Nomen;;facilities;设施;;HSK5-0913;HSK5 / 901-950
Fotografie;shèyǐng;Verb;;to take a photograph;摄影;;HSK5-0914;HSK5 / 901-950
Wie;shì de;Phrase;;to look like;似的;;HSK5-0915;HSK5 / 901-950
Jetlag;shíchā;Nomen;;"time difference; jet lag";时差;;HSK5-0916;HSK5 / 901-950
Markt;shìchǎng;Nomen;;market;市场;;HSK5-0917;HSK5 / 901-950
Epoche;shídài;Nomen;;the age, the times;时代;;HSK5-0918;HSK5 / 901-950
Poesie;shīgē;Nomen;;poem;诗歌;;HSK5-0919;HSK5 / 901-950
Wahrheit;shíhuà;Nomen;;the truth;实话;;HSK5-0920;HSK5 / 901-950
üben;shíjiàn;Nomen;;practice (as opposed to theory);实践;;HSK5-0921;HSK5 / 901-950
Gib alles!;shǐjìnr;Verb;;to use all one's strength;使劲儿;;HSK5-0922;HSK5 / 901-950
Prüfungsarbeit;shìjuàn;Nomen;;examination paper;试卷;;HSK5-0923;HSK5 / 901-950
Zeit;shíkè;Nomen;;moment;时刻;;HSK5-0924;HSK5 / 901-950
modisch;shímáo;Adjektiv;;fashionable;时髦;;HSK5-0925;HSK5 / 901-950
Schlaflosigkeit;shīmián;Verb;;to suffer from sleep deprivation;失眠;;HSK5-0926;HSK5 / 901-950
Zeitraum;shíqī;Nomen;;time period;时期;;HSK5-0927;HSK5 / 901-950
verlieren;shīqù;Verb;;to lose (something);失去;;HSK5-0928;HSK5 / 901-950
Feucht;shīrùn;Adjektiv;;moist;湿润;;HSK5-0929;HSK5 / 901-950
Mode;shíshàng;Adjektiv;;fashion;时尚;;HSK5-0930;HSK5 / 901-950
Tatsache;shìshí;Nomen;;fact;事实;;HSK5-0931;HSK5 / 901-950
Stein;shítou;Nomen;;stone;石头;;HSK5-0932;HSK5 / 901-950
Essen;shíwù;Nomen;;food;食物;;HSK5-0933;HSK5 / 901-950
Ding;shìwù;Nomen;;thing, object;事物;;HSK5-0934;HSK5 / 901-950
üben;shíxí;Nomen;;internship;实习;;HSK5-0935;HSK5 / 901-950
üben;shíxí;Verb;;to intern;实习;;HSK5-0936;HSK5 / 901-950
erreichen;shíxiàn;Verb;;to realize;实现;;HSK5-0937;HSK5 / 901-950
im voraus;shìxiān;Adverb;;in advance, beforehand;事先;;HSK5-0938;HSK5 / 901-950
Experiment;shíyàn;Nomen;;test, experiment;实验;;HSK5-0939;HSK5 / 901-950
Experiment;shíyàn;Verb;;to experiment;实验;;HSK5-0940;HSK5 / 901-950
Arbeitslosigkeit;shīyè;Verb;;to lose one's job;失业;;HSK5-0941;HSK5 / 901-950
praktisch;shíyòng;Adjektiv;;practical;实用;;HSK5-0942;HSK5 / 901-950
Stets;shǐzhōng;Adverb;;from beginning to end;始终;;HSK5-0943;HSK5 / 901-950
Löwe;shīzi;Nomen;;lion;狮子;;HSK5-0944;HSK5 / 901-950
Kopf;shǒu;ZEW;;[measure word for songs and poems];首;;HSK5-0945;HSK5 / 901-950
Handbuch;shǒugōng;Nomen;;handicraft;手工;;HSK5-0946;HSK5 / 901-950
Ernte;shōuhuò;Nomen;;gain, benefit (e.g. from training: what you learned from it);收获;;HSK5-0947;HSK5 / 901-950
Ernte;shōuhuò;Verb;;to gain, to benefit;收获;;HSK5-0948;HSK5 / 901-950
Quittung;shōujù;Nomen;;receipt;收据;;HSK5-0949;HSK5 / 901-950
Leben;shòumìng;Nomen;;life span, life expectancy;寿命;;HSK5-0950;HSK5 / 901-950
* HSK 5;* HSK 5;* HSK 5;* HSK 5;* HSK 5;* HSK 5;* HSK 5;* HSK 5;* HSK 5
Verletzt;shòushāng;Nomen;;to be hurt;受伤;;HSK5-0951;HSK5 / 951-1000
Betrieb;shǒushù;Nomen;;surgery;手术;;HSK5-0952;HSK5 / 951-1000
Handschuhe;shǒutào;Nomen;;glove(s);手套;;HSK5-0953;HSK5 / 951-1000
Formalitäten;shǒuxù;Nomen;;procedure;手续;;HSK5-0954;HSK5 / 951-1000
Finger;shǒuzhǐ;Nomen;;finger;手指;;HSK5-0955;HSK5 / 951-1000
Nummer;shǔ;Verb;;to count;数;;HSK5-0956;HSK5 / 951-1000
Swing;shuǎi;Verb;;to fling, to throw off, to dump (a love interest);甩;;HSK5-0957;HSK5 / 951-1000
fallen;shuāidǎo;Verb;;"to slip and fall down; a throw (in wrestling)";摔倒;;HSK5-0958;HSK5 / 951-1000
beide Seiten;shuāngfāng;Nomen;;both sides, both parties;双方;;HSK5-0959;HSK5 / 951-1000
Maus;shǔbiāo;Nomen;;mouse (computing);鼠标;;HSK5-0960;HSK5 / 951-1000
Gemüse;shūcài;Nomen;;vegetables;蔬菜;;HSK5-0961;HSK5 / 951-1000
Steuer;shuì;Nomen;;tax;税;;HSK5-0962;HSK5 / 951-1000
Bücherregal;shūjià;Nomen;;bookshelf;书架;;HSK5-0963;HSK5 / 951-1000
Daten;shùjù;Nomen;;data;数据;;HSK5-0964;HSK5 / 951-1000
Fachkräfte;shúliàn;Adjektiv;;proficient in, well-versed in;熟练;;HSK5-0965;HSK5 / 951-1000
Digital;shùmǎ;Nomen;;digital;数码;;HSK5-0966;HSK5 / 951-1000
Vielleicht;shuōbudìng;Verb;;can't say for sure, maybe;说不定;;HSK5-0967;HSK5 / 951-1000
überreden;shuōfú;Verb;;to persuade;说服;;HSK5-0968;HSK5 / 951-1000
eingeben;shūrù;Verb;;to input;输入;;HSK5-0969;HSK5 / 951-1000
Komfort;shūshì;Adjektiv;;cozy, comfy;舒适;;HSK5-0970;HSK5 / 951-1000
gehören;shǔyú;Verb;;to belong to;属于;;HSK5-0971;HSK5 / 951-1000
Kamm;shūzi;Nomen;;comb;梳子;;HSK5-0972;HSK5 / 951-1000
Träne;sī;Verb;;to tear (paper);撕;;HSK5-0973;HSK5 / 951-1000
Seide;sīchóu;Nomen;;silk;丝绸;;HSK5-0974;HSK5 / 951-1000
geringste;sīháo;Adverb;;the slightest amount or degree;丝毫;;HSK5-0975;HSK5 / 951-1000
erscheinen;sìhū;Adverb;;to seem as if, seemingly;似乎;;HSK5-0976;HSK5 / 951-1000
denken;sīkǎo;Verb;;to ponder;思考;;HSK5-0977;HSK5 / 951-1000
Privat;sīrén;Adjektiv;;private, personal;私人;;HSK5-0978;HSK5 / 951-1000
Gedanke;sīxiǎng;Nomen;;thinking;思想;;HSK5-0979;HSK5 / 951-1000
suchen;sōusuǒ;Verb;;to search (often online);搜索;;HSK5-0980;HSK5 / 951-1000
gebrochen;suì;Verb;;to break into pieces, to shatter;碎;;HSK5-0981;HSK5 / 951-1000
tragen;suíshēn;Verb;;to (carry) on one's person;随身;;HSK5-0982;HSK5 / 951-1000
jederzeit;suíshí;Adverb;;at any time;随时;;HSK5-0983;HSK5 / 951-1000
beiläufig;suíshǒu;Adverb;;on your way, while you're at it;随手;;HSK5-0984;HSK5 / 951-1000
Verlust;sǔnshī;Nomen;;loss;损失;;HSK5-0985;HSK5 / 951-1000
Verlust;sǔnshī;Verb;;to lose (something of value);损失;;HSK5-0986;HSK5 / 951-1000
Sperren;suǒ;Nomen;;a lock;锁;;HSK5-0987;HSK5 / 951-1000
Ort;suǒ;Partikel;;[particle introducing a clause];所;;HSK5-0988;HSK5 / 951-1000
Sperren;suǒ;Verb;;to lock;锁;;HSK5-0989;HSK5 / 951-1000
verkürzen;suōduǎn;Verb;;to shorten;缩短;;HSK5-0990;HSK5 / 951-1000
Schlafsaal;sùshè;Nomen;;dormitory;宿舍;;HSK5-0991;HSK5 / 951-1000
Tai Chi;tàijí;Nomen;;tai chi;太极;;HSK5-0992;HSK5 / 951-1000
Schritte;táijiē;Nomen;;step(s);台阶;;HSK5-0993;HSK5 / 951-1000
Frau;tàitai;Nomen;;"wife; Mrs.";太太;;HSK5-0994;HSK5 / 951-1000
heiß;tàng;Adjektiv;;too hot to touch;烫;;HSK5-0995;HSK5 / 951-1000
heiß;tàng;Verb;;"to scald; to iron; to perm (hair)";烫;;HSK5-0996;HSK5 / 951-1000
Verhandlung;tánpàn;Verb;;to negotiate;谈判;;HSK5-0997;HSK5 / 951-1000
frank;tǎnshuài;Adjektiv;;candid;坦率;;HSK5-0998;HSK5 / 951-1000
Pfirsich;táo;Nomen;;peach;桃;;HSK5-0999;HSK5 / 951-1000
Flucht;táo;Verb;;to escape;逃;;HSK5-1000;HSK5 / 951-1000
* HSK 5;* HSK 5;* HSK 5;* HSK 5;* HSK 5;* HSK 5;* HSK 5;* HSK 5;* HSK 5
Satz;tào;ZEW;;[measure word for outfits, housing, set of things];套;;HSK5-1001;HSK5 / 1001-1050
Flucht;táobì;Verb;;to evade;逃避;;HSK5-1002;HSK5 / 1001-1050
Schnäppchen;tǎojià-huánjià;Verb;;to haggle over a price;讨价还价;;HSK5-1003;HSK5 / 1001-1050
frech;táoqì;Adjektiv;;naughty, mischievous;淘气;;HSK5-1004;HSK5 / 1001-1050
Liebe;téng'ài;Verb;;to love dearly;疼爱;;HSK5-1005;HSK5 / 1001-1050
Besonderheit;tèsè;Nomen;;distinguishing feature(s);特色;;HSK5-1006;HSK5 / 1001-1050
besonders;tèshū;Adjektiv;;special, unusual;特殊;;HSK5-1007;HSK5 / 1001-1050
Besonderheit;tèzhēng;Nomen;;characteristic;特征;;HSK5-1008;HSK5 / 1001-1050
Himmel;tiānkōng;Nomen;;sky;天空;;HSK5-1009;HSK5 / 1001-1050
Unschuldig;tiānzhēn;Adjektiv;;naive, innocent;天真;;HSK5-1010;HSK5 / 1001-1050
Frech;tiáopí;Adjektiv;;"naughty; mischievous; unruly";调皮;;HSK5-1011;HSK5 / 1001-1050
Herausforderung;tiǎozhàn;Nomen;;a challenge;挑战;;HSK5-1012;HSK5 / 1001-1050
Herausforderung;tiǎozhàn;Verb;;to challenge;挑战;;HSK5-1013;HSK5 / 1001-1050
Einstellung;tiáozhěng;Nomen;;adjustment;调整;;HSK5-1014;HSK5 / 1001-1050
Einstellung;tiáozhěng;Verb;;to adjust;调整;;HSK5-1015;HSK5 / 1001-1050
fördern;tíchàng;Verb;;to advocate;提倡;;HSK5-1016;HSK5 / 1001-1050
Gliederung;tígāng;Nomen;;outline;提纲;;HSK5-1017;HSK5 / 1001-1050
Erfahrung;tǐhuì;Nomen;;a personal experience;体会;;HSK5-1018;HSK5 / 1001-1050
Erfahrung;tǐhuì;Verb;;to (personally) experience;体会;;HSK5-1019;HSK5 / 1001-1050
Thema;tímù;Nomen;;topic, subject;题目;;HSK5-1020;HSK5 / 1001-1050
nachdenklich;tǐtiē;Adjektiv;;considerate, caring;体贴;;HSK5-1021;HSK5 / 1001-1050
Frage;tíwèn;Verb;;to raise a question;提问;;HSK5-1022;HSK5 / 1001-1050
reflektieren;tǐxiàn;Verb;;to embody;体现;;HSK5-1023;HSK5 / 1001-1050
Erfahrung;tǐyàn;Nomen;;an experience;体验;;HSK5-1024;HSK5 / 1001-1050
Erfahrung;tǐyàn;Verb;;to experience onself;体验;;HSK5-1025;HSK5 / 1001-1050
allgemein;tōngcháng;Adverb;;usually;通常;;HSK5-1026;HSK5 / 1001-1050
Schmerz;tòngkǔ;Adjektiv;;painful, agonizing;痛苦;;HSK5-1027;HSK5 / 1001-1050
Glücklich;tòngkuài;Adverb;;delighted;痛快;;HSK5-1028;HSK5 / 1001-1050
vereinheitlicht;tǒngyī;Verb;;to unify;统一;;HSK5-1029;HSK5 / 1001-1050
stehlen;tōu;Verb;;to steal;偷;;HSK5-1030;HSK5 / 1001-1050
transparent;tòumíng;Adjektiv;;transparent;透明;;HSK5-1031;HSK5 / 1001-1050
Investition;tóurù;Verb;;to throw into, to put into;投入;;HSK5-1032;HSK5 / 1001-1050
investieren;tóuzī;Nomen;;investment;投资;;HSK5-1033;HSK5 / 1001-1050
investieren;tóuzī;Verb;;to invest;投资;;HSK5-1034;HSK5 / 1001-1050
sich erbrechen;tǔ;Verb;;to vomit, to spit up;吐;;HSK5-1035;HSK5 / 1001-1050
Gruppe;tuán;ZEW;;[measure word for a lump or a wad];团;;HSK5-1036;HSK5 / 1001-1050
vorstehen;tūchū;Adjektiv;;outstanding;突出;;HSK5-1037;HSK5 / 1001-1050
vorstehen;tūchū;Verb;;to highlight;突出;;HSK5-1038;HSK5 / 1001-1050
Land;tǔdì;Nomen;;land, territory;土地;;HSK5-1039;HSK5 / 1001-1050
Kartoffel;tǔdòu;Nomen;;potato;土豆;;HSK5-1040;HSK5 / 1001-1050
Rückzug;tuì;Verb;;to retreat;退;;HSK5-1041;HSK5 / 1001-1050
Regression;tuìbù;Verb;;to regress;退步;;HSK5-1042;HSK5 / 1001-1050
Abfall;tuīcí;Verb;;to decline (an appointment, invitation, etc.);推辞;;HSK5-1043;HSK5 / 1001-1050
Förderung;tuīguǎng;Verb;;to promote;推广;;HSK5-1044;HSK5 / 1001-1050
empfehlen;tuījiàn;Nomen;;recommendation;推荐;;HSK5-1045;HSK5 / 1001-1050
empfehlen;tuījiàn;Verb;;to recommend;推荐;;HSK5-1046;HSK5 / 1001-1050
ausscheiden;tuìxiū;Verb;;to retire;退休;;HSK5-1047;HSK5 / 1001-1050
Kaninchen;tùzi;Nomen;;rabbit;兔子;;HSK5-1048;HSK5 / 1001-1050
krumm;wāi;Adjektiv;;crooked, askew;歪;;HSK5-1049;HSK5 / 1001-1050
Großvater mütterlicherseits;wàigōng;Nomen;;(coll.) mother's father;外公;;HSK5-1050;HSK5 / 1001-1050
* HSK 5;* HSK 5;* HSK 5;* HSK 5;* HSK 5;* HSK 5;* HSK 5;* HSK 5;* HSK 5
diplomatisch;wàijiāo;Nomen;;diplomacy;外交;;HSK5-1051;HSK5 / 1051-1100
Rundfahrt;wǎngfǎn;Verb;;to go back and forth;往返;;HSK5-1052;HSK5 / 1051-1100
Netzwerk;wǎngluò;Nomen;;internet;网络;;HSK5-1053;HSK5 / 1051-1100
Prinz;wángzǐ;Nomen;;prince;王子;;HSK5-1054;HSK5 / 1051-1100
Spielzeug;wánjù;Nomen;;a toy;玩具;;HSK5-1055;HSK5 / 1051-1100
Perfekt;wánměi;Adjektiv;;perfect;完美;;HSK5-1056;HSK5 / 1051-1100
Perfekt;wánměi;Nomen;;perfection;完美;;HSK5-1057;HSK5 / 1051-1100
Vollständig;wánshàn;Verb;;"to make perfect; to improve";完善;;HSK5-1058;HSK5 / 1051-1100
Nur für den Fall;wànyī;Konjunktion;;"in the event that, what if; just in case";万一;;HSK5-1059;HSK5 / 1051-1100
ganz;wánzhěng;Adjektiv;;complete;完整;;HSK5-1060;HSK5 / 1051-1100
Magen;wèi;Nomen;;stomach;胃;;HSK5-1061;HSK5 / 1051-1100
Schwanz;wěiba;Nomen;;tail;尾巴;;HSK5-1062;HSK5 / 1051-1100
nicht unbedingt;wèibì;Adverb;;not necessarily;未必;;HSK5-1063;HSK5 / 1051-1100
Großartig;wěidà;Adjektiv;;great, grand;伟大;;HSK5-1064;HSK5 / 1051-1100
Verstoß;wéifǎn;Verb;;to violate, to break (a rule or law);违反;;HSK5-1065;HSK5 / 1051-1100
Schaden;wēihài;Verb;;to harm;危害;;HSK5-1066;HSK5 / 1051-1100
Schal;wéijīn;Nomen;;scarf;围巾;;HSK5-1067;HSK5 / 1051-1100
Appetit;wèikǒu;Nomen;;appetite;胃口;;HSK5-1068;HSK5 / 1051-1100
Zukunft;wèilái;Nomen;;future;未来;;HSK5-1069;HSK5 / 1051-1100
Unrecht getan;wěiqu;Verb;;to feel wronged;委屈;;HSK5-1070;HSK5 / 1051-1100
um;wéirào;Verb;;to revolve around, to encircle;围绕;;HSK5-1071;HSK5 / 1051-1100
Lächeln;wēixiào;Nomen;;a smile;微笑;;HSK5-1072;HSK5 / 1051-1100
Lächeln;wēixiào;Verb;;to smile;微笑;;HSK5-1073;HSK5 / 1051-1100
drohen;wēixié;Nomen;;a threat;威胁;;HSK5-1074;HSK5 / 1051-1100
drohen;wēixié;Verb;;to threaten;威胁;;HSK5-1075;HSK5 / 1051-1100
reparieren;wéixiū;Nomen;;maintenance;维修;;HSK5-1076;HSK5 / 1051-1100
reparieren;wéixiū;Verb;;to maintain;维修;;HSK5-1077;HSK5 / 1051-1100
nur;wéiyī;Adjektiv;;only, sole;唯一;;HSK5-1078;HSK5 / 1051-1100
ausschlafen;wèiyú;Verb;;to be located at;位于;;HSK5-1079;HSK5 / 1051-1100
Standort;wèizhi;Nomen;;position, place, seat;位置;;HSK5-1080;HSK5 / 1051-1100
Geruch;wén;Verb;;to smell (something);闻;;HSK5-1081;HSK5 / 1051-1100
Kuss;wěn;Nomen;;a kiss;吻;;HSK5-1082;HSK5 / 1051-1100
Kuss;wěn;Verb;;to kiss;吻;;HSK5-1083;HSK5 / 1051-1100
Stabilisieren;wěndìng;Adjektiv;;steady, stable;稳定;;HSK5-1084;HSK5 / 1051-1100
Gruß;wènhòu;Nomen;;a greeting;问候;;HSK5-1085;HSK5 / 1051-1100
Gruß;wènhòu;Verb;;to send one's regards;问候;;HSK5-1086;HSK5 / 1051-1100
dokumentieren;wénjiàn;Nomen;;document, file;文件;;HSK5-1087;HSK5 / 1051-1100
Schreibwaren;wénjù;Nomen;;stationery;文具;;HSK5-1088;HSK5 / 1051-1100
Zivilisation;wénmíng;Nomen;;civilization;文明;;HSK5-1089;HSK5 / 1051-1100
Wärme;wēnnuǎn;Adjektiv;;warm;温暖;;HSK5-1090;HSK5 / 1051-1100
sanft;wēnróu;Adjektiv;;gentle;温柔;;HSK5-1091;HSK5 / 1051-1100
Literatur;wénxué;Nomen;;literature;文学;;HSK5-1092;HSK5 / 1051-1100
Wort;wénzì;Nomen;;text, written language;文字;;HSK5-1093;HSK5 / 1051-1100
Schlafzimmer;wòshì;Nomen;;bedroom;卧室;;HSK5-1094;HSK5 / 1051-1100
Händeschütteln;wòshǒu;Verb;;to shake hands;握手;;HSK5-1095;HSK5 / 1051-1100
Nebel;wù;Nomen;;fog;雾;;HSK5-1096;HSK5 / 1051-1100
nicht;wù;Verb;;do not;勿;;HSK5-1097;HSK5 / 1051-1100
Physik;wùlǐ;Nomen;;physics;物理;;HSK5-1098;HSK5 / 1051-1100
keine Wahl;wúnài;Verb;;to lack a better option;无奈;;HSK5-1099;HSK5 / 1051-1100
unzählige;wúshù;Adjektiv;;countless;无数;;HSK5-1100;HSK5 / 1051-1100
* HSK 5;* HSK 5;* HSK 5;* HSK 5;* HSK 5;* HSK 5;* HSK 5;* HSK 5;* HSK 5
Kampfsportarten;wǔshù;Nomen;;martial arts;武术;;HSK5-1101;HSK5 / 1101-1150
Das spielt keine Rolle.;wúsuǒwèi;Verb;;to be indifferent, to not to matter;无所谓;;HSK5-1102;HSK5 / 1101-1150
Substanz;wùzhì;Nomen;;matter, material;物质;;HSK5-1103;HSK5 / 1101-1150
Zimmer;wūzi;Nomen;;room, small house;屋子;;HSK5-1104;HSK5 / 1101-1150
Schrecken;xià;Verb;;"to frighten; to scare";吓;;HSK5-1105;HSK5 / 1101-1150
blind;xiā;Adverb;;blindly, groundlessly, foolishly;瞎;;HSK5-1106;HSK5 / 1101-1150
Sommerlager;xiàlìngyíng;Nomen;;summer camp;夏令营;;HSK5-1107;HSK5 / 1101-1150
County;xiàn;Nomen;;county;县;;HSK5-1108;HSK5 / 1101-1150
modern;xiàndài;Nomen;;modern;现代;;HSK5-1109;HSK5 / 1101-1150
Es scheint;xiǎnde;Verb;;to seem, to appear;显得;;HSK5-1110;HSK5 / 1101-1150
Artikel;xiàng;ZEW;;[measure word for formal programs];项;;HSK5-1111;HSK5 / 1101-1150
Wurst;xiāngcháng;Nomen;;sausage;香肠;;HSK5-1112;HSK5 / 1101-1150
sich gut verstehen;xiāngchǔ;Verb;;to associate with, to interact with;相处;;HSK5-1113;HSK5 / 1101-1150
ganz;xiāngdāng;Adverb;;considerably;相当;;HSK5-1114;HSK5 / 1101-1150
relativ;xiāngduì;Adjektiv;;relative;相对;;HSK5-1115;HSK5 / 1101-1150
Verwandt;xiāngguān;Adjektiv;;related;相关;;HSK5-1116;HSK5 / 1101-1150
Halskette;xiàngliàn;Nomen;;necklace;项链;;HSK5-1117;HSK5 / 1101-1150
Projekt;xiàngmù;Nomen;;project;项目;;HSK5-1118;HSK5 / 1101-1150
vermissen;xiǎngniàn;Verb;;to miss (someone or something);想念;;HSK5-1119;HSK5 / 1101-1150
Schach;xiàngqí;Nomen;;Chinese chess;象棋;;HSK5-1120;HSK5 / 1101-1150
genießen;xiǎngshòu;Verb;;to enjoy;享受;;HSK5-1121;HSK5 / 1101-1150
Ähnlichkeit;xiāngsì;Nomen;;similarity;相似;;HSK5-1122;HSK5 / 1101-1150
Ähnlichkeit;xiāngsì;Verb;;to resemble;相似;;HSK5-1123;HSK5 / 1101-1150
Vorstellen;xiǎngxiàng;Verb;;to imagine;想象;;HSK5-1124;HSK5 / 1101-1150
Symbol;xiàngzhēng;Nomen;;symbol;象征;;HSK5-1125;HSK5 / 1101-1150
Symbol;xiàngzhēng;Verb;;to symbolize;象征;;HSK5-1126;HSK5 / 1101-1150
Offensichtlich;xiǎnrán;Adjektiv;;clear;显然;;HSK5-1127;HSK5 / 1101-1150
Wirklichkeit;xiànshí;Adjektiv;;realistic, pragmatic;现实;;HSK5-1128;HSK5 / 1101-1150
zeigen;xiǎnshì;Verb;;to display;显示;;HSK5-1129;HSK5 / 1101-1150
Phänomen;xiànxiàng;Nomen;;phenomenon;现象;;HSK5-1130;HSK5 / 1101-1150
hell;xiānyàn;Adjektiv;;brightly-colored;鲜艳;;HSK5-1131;HSK5 / 1101-1150
Limit;xiànzhì;Nomen;;limit;限制;;HSK5-1132;HSK5 / 1101-1150
Limit;xiànzhì;Verb;;to limit;限制;;HSK5-1133;HSK5 / 1101-1150
Verbrauch;xiāofèi;Nomen;;consumption;消费;;HSK5-1134;HSK5 / 1101-1150
Verbrauch;xiāofèi;Verb;;to consume;消费;;HSK5-1135;HSK5 / 1101-1150
Verdauung;xiāohuà;Verb;;to digest;消化;;HSK5-1136;HSK5 / 1101-1150
Negativ;xiāojí;Adjektiv;;negative;消极;;HSK5-1137;HSK5 / 1101-1150
Effizienz;xiàolǜ;Nomen;;efficiency;效率;;HSK5-1138;HSK5 / 1101-1150
Weizen;xiǎomài;Nomen;;wheat;小麦;;HSK5-1139;HSK5 / 1101-1150
bedeuten;xiǎoqì;Adjektiv;;stingy, petty;小气;;HSK5-1140;HSK5 / 1101-1150
verschwinden;xiāoshī;Verb;;to disappear;消失;;HSK5-1141;HSK5 / 1101-1150
Verkauf;xiāoshòu;Nomen;;"sales; salesperson";销售;;HSK5-1142;HSK5 / 1101-1150
Kindliche Pietät;xiàoshùn;Verb;;to show filial obedience (respect to one's parents);孝顺;;HSK5-1143;HSK5 / 1101-1150
herunterladen;xiàzǎi;Verb;;to download;下载;;HSK5-1144;HSK5 / 1101-1150
Neigung;xié;Adjektiv;;inclined;斜;;HSK5-1145;HSK5 / 1101-1150
ausruhen;xiē;Verb;;to take a break;歇;;HSK5-1146;HSK5 / 1101-1150
Schreiben;xiězuò;Nomen;;writing;写作;;HSK5-1147;HSK5 / 1101-1150
Detail;xìjié;Nomen;;detail;细节;;HSK5-1148;HSK5 / 1101-1150
Drama;xìjù;Nomen;;drama, play;戏剧;;HSK5-1149;HSK5 / 1101-1150
bilden;xíngchéng;Verb;;to take shape;形成;;HSK5-1150;HSK5 / 1101-1150
* HSK 5;* HSK 5;* HSK 5;* HSK 5;* HSK 5;* HSK 5;* HSK 5;* HSK 5;* HSK 5
Aktion;xíngdòng;Nomen;;action, movement;行动;;HSK5-1151;HSK5 / 1151-1200
Glücklicherweise;xìngkuī;Adverb;;fortunately;幸亏;;HSK5-1152;HSK5 / 1151-1200
Fußgänger;xíngrén;Nomen;;pedestrian;行人;;HSK5-1153;HSK5 / 1151-1200
beschreiben;xíngróng;Verb;;to describe;形容;;HSK5-1154;HSK5 / 1151-1200
bilden;xíngshì;Nomen;;formality, shape, outer apeparance;形式;;HSK5-1155;HSK5 / 1151-1200
Situation;xíngshì;Nomen;;"circumstances; situation; terrain";形势;;HSK5-1156;HSK5 / 1151-1200
Verhalten;xíngwéi;Nomen;;behavior, conduct, actions;行为;;HSK5-1157;HSK5 / 1151-1200
Bild;xíngxiàng;Nomen;;"image; visual";形象;;HSK5-1158;HSK5 / 1151-1200
Glücklich;xìngyùn;Adjektiv;;lucky;幸运;;HSK5-1159;HSK5 / 1151-1200
Natur;xìngzhì;Nomen;;nature, characteristic;性质;;HSK5-1160;HSK5 / 1151-1200
Form;xíngzhuàng;Nomen;;shape;形状;;HSK5-1161;HSK5 / 1151-1200
Signal;xìnhào;Nomen;;signal;信号;;HSK5-1162;HSK5 / 1151-1200
Psychologie;xīnlǐ;Nomen;;mentality, psychology;心理;;HSK5-1163;HSK5 / 1151-1200
Vertrauen;xìnrèn;Nomen;;trust;信任;;HSK5-1164;HSK5 / 1151-1200
Vertrauen;xìnrèn;Verb;;to trust, to have confidence in;信任;;HSK5-1165;HSK5 / 1151-1200
anerkennen;xīnshǎng;Verb;;to appreciate;欣赏;;HSK5-1166;HSK5 / 1151-1200
Herz;xīnzàng;Nomen;;heart (the organ);心脏;;HSK5-1167;HSK5 / 1151-1200
Brust;xīong;Nomen;;chest;胸;;HSK5-1168;HSK5 / 1151-1200
Bruder;xiōngdì;Nomen;;bros;兄弟;;HSK5-1169;HSK5 / 1151-1200
ziehen;xīqǔ;Verb;;to draw (a lesson, insight etc);吸取;;HSK5-1170;HSK5 / 1151-1200
absorbieren;xīshōu;Verb;;to absorb;吸收;;HSK5-1171;HSK5 / 1151-1200
System;xìtǒng;Nomen;;system;系统;;HSK5-1172;HSK5 / 1151-1200
Überarbeiten;xiūgǎi;Verb;;to modify;修改;;HSK5-1173;HSK5 / 1151-1200
Freizeit;xiūxián;Nomen;;leisure;休闲;;HSK5-1174;HSK5 / 1151-1200
Anmelden;xuānbù;Verb;;to declare, to announce;宣布;;HSK5-1175;HSK5 / 1151-1200
Werbung;xuānchuán;Verb;;to promote;宣传;;HSK5-1176;HSK5 / 1151-1200
Blut;xuè;Nomen;;blood;血;;HSK5-1177;HSK5 / 1151-1200
Ausbildung;xuélì;Nomen;;educational background;学历;;HSK5-1178;HSK5 / 1151-1200
akademisch;xuéshù;Nomen;;learning, academics;学术;;HSK5-1179;HSK5 / 1151-1200
Wissen;xuéwèn;Nomen;;knowledge;学问;;HSK5-1180;HSK5 / 1151-1200
Zug;xùnliàn;Verb;;to train;训练;;HSK5-1181;HSK5 / 1151-1200
schnell;xùnsù;Adverb;;rapid, speedy;迅速;;HSK5-1182;HSK5 / 1151-1200
fragen;xúnwèn;Verb;;to inquire;询问;;HSK5-1183;HSK5 / 1151-1200
Suchen;xúnzhǎo;Verb;;to seek;寻找;;HSK5-1184;HSK5 / 1151-1200
Erzählung;xùshù;Verb;;to relate (a story or information);叙述;;HSK5-1185;HSK5 / 1151-1200
Demut;xūxīn;Adjektiv;;open-minded;虚心;;HSK5-1186;HSK5 / 1151-1200
Zähne;yáchǐ;Nomen;;tooth, teeth;牙齿;;HSK5-1187;HSK5 / 1151-1200
Kaution;yājīn;Nomen;;deposit, down payment;押金;;HSK5-1188;HSK5 / 1151-1200
verlängern;yáncháng;Verb;;to prolong, to extend;延长;;HSK5-1189;HSK5 / 1151-1200
jucken;yǎng;Verb;;to itch, to feel a tickle;痒;;HSK5-1190;HSK5 / 1151-1200
Stil;yàngshì;Nomen;;style, pattern;样式;;HSK5-1191;HSK5 / 1151-1200
Balkon;yángtái;Nomen;;balcony;阳台;;HSK5-1192;HSK5 / 1151-1200
Bankett;yànhuì;Nomen;;banquet;宴会;;HSK5-1193;HSK5 / 1151-1200
Rede;yǎnjiǎng;Nomen;;speech;演讲;;HSK5-1194;HSK5 / 1151-1200
Rede;yǎnjiǎng;Verb;;to make a speech;演讲;;HSK5-1195;HSK5 / 1151-1200
ernst;yánsù;Adjektiv;;serious;严肃;;HSK5-1196;HSK5 / 1151-1200
Shake;yáo;Verb;;to shake, to rock;摇;;HSK5-1197;HSK5 / 1151-1200
beißen;yǎo;Verb;;to bite;咬;;HSK5-1198;HSK5 / 1151-1200
Taille;yāo;Nomen;;waist, lower back;腰;;HSK5-1199;HSK5 / 1151-1200
oder;yàobù;Konjunktion;;otherwise, how about...;要不;;HSK5-1200;HSK5 / 1151-1200
* HSK 5;* HSK 5;* HSK 5;* HSK 5;* HSK 5;* HSK 5;* HSK 5;* HSK 5;* HSK 5
Nacht;yè;Nomen;;night;夜;;HSK5-1201;HSK5 / 1201-1250
Geschäft;yèwù;Nomen;;a company's business (as opposed to business in general);业务;;HSK5-1202;HSK5 / 1201-1250
Amateur;yèyú;Adjektiv;;spare time, amateur;业余;;HSK5-1203;HSK5 / 1201-1250
100 Millionen;yì;Zahl;;100 million;亿;;HSK5-1204;HSK5 / 1201-1250
Zweite;yǐ;Nomen;;second (of the ten Heavenly Stems);乙;;HSK5-1205;HSK5 / 1201-1250
Lebensdauer;yībèizi;Nomen;;(for) a lifetime;一辈子;;HSK5-1206;HSK5 / 1201-1250
einmal;yīdàn;Konjunktion;;once (something happens, then...);一旦;;HSK5-1207;HSK5 / 1201-1250
bewegen;yídòng;Verb;;mobile;移动;;HSK5-1208;HSK5 / 1201-1250
Mitleid;yíhàn;Nomen;;regret;遗憾;;HSK5-1209;HSK5 / 1201-1250
Mitleid;yíhàn;Verb;;to regret;遗憾;;HSK5-1210;HSK5 / 1201-1250
sowie;yǐjí;Konjunktion;;as well as;以及;;HSK5-1211;HSK5 / 1201-1250
seit;yǐlái;Konjunktion;;since (a previous event);以来;;HSK5-1212;HSK5 / 1201-1250
Alle;yīlǜ;Adverb;;without exception;一律;;HSK5-1213;HSK5 / 1201-1250
sprechen;yìlùn;Nomen;;discussion;议论;;HSK5-1214;HSK5 / 1201-1250
sprechen;yìlùn;Verb;;to discuss;议论;;HSK5-1215;HSK5 / 1201-1250
Migrant;yímín;Nomen;;immigrant;移民;;HSK5-1216;HSK5 / 1201-1250
Migrant;yímín;Verb;;to immigrate, to emigrate;移民;;HSK5-1217;HSK5 / 1201-1250
Silber;yín;Nomen;;silver;银;;HSK5-1218;HSK5 / 1201-1250
daher;yīnér;Konjunktion;;therefore;因而;;HSK5-1219;HSK5 / 1201-1250
hart;yìng;Adjektiv;;hard, firm, tough;硬;;HSK5-1220;HSK5 / 1201-1250
bewältigen;yìngfu;Verb;;to deal with, to cope;应付;;HSK5-1221;HSK5 / 1201-1250
Hardware;yìngjiàn;Nomen;;hardware;硬件;;HSK5-1222;HSK5 / 1201-1250
treffen;yíngjiē;Verb;;to welcome;迎接;;HSK5-1223;HSK5 / 1201-1250
gutaussehend;yīngjùn;Adjektiv;;handsome;英俊;;HSK5-1224;HSK5 / 1201-1250
Held;yīngxióng;Nomen;;hero;英雄;;HSK5-1225;HSK5 / 1201-1250
Ernährung;yíngyǎng;Nomen;;nutrition;营养;;HSK5-1226;HSK5 / 1201-1250
Geschäft;yíngyè;Verb;;to do business;营业;;HSK5-1227;HSK5 / 1201-1250
Anwendung;yìngyòng;Verb;;to apply (e.g. a principle);应用;;HSK5-1228;HSK5 / 1201-1250
Schatten;yǐngzi;Nomen;;shadow;影子;;HSK5-1229;HSK5 / 1201-1250
drucken;yìnshuā;Verb;;to print;印刷;;HSK5-1230;HSK5 / 1201-1250
Faktor;yīnsù;Nomen;;factor;因素;;HSK5-1231;HSK5 / 1201-1250
Trotzdem;yīrán;Adverb;;still, yet;依然;;HSK5-1232;HSK5 / 1201-1250
Unfall;yìwài;Adjektiv;;unexpected;意外;;HSK5-1233;HSK5 / 1201-1250
Unfall;yìwài;Nomen;;an accident;意外;;HSK5-1234;HSK5 / 1201-1250
zweifeln;yíwèn;Nomen;;quesiton, doubt;疑问;;HSK5-1235;HSK5 / 1201-1250
Verpflichtung;yìwù;Nomen;;duty, obligation;义务;;HSK5-1236;HSK5 / 1201-1250
Bedeutung;yìyì;Nomen;;meaning, significance;意义;;HSK5-1237;HSK5 / 1201-1250
wiederholt;yīzài;Adverb;;repeatedly;一再;;HSK5-1238;HSK5 / 1201-1250
Konsistent;yīzhì;Adjektiv;;consistent;一致;;HSK5-1239;HSK5 / 1201-1250
Umarmen;yōngbào;Nomen;;a hug;拥抱;;HSK5-1240;HSK5 / 1201-1250
Umarmen;yōngbào;Verb;;to hug;拥抱;;HSK5-1241;HSK5 / 1201-1250
Fleißig;yònggōng;Adjektiv;;studious, hardworking;用功;;HSK5-1242;HSK5 / 1201-1250
Überfüllt;yōngjǐ;Adjektiv;;crowded, congested;拥挤;;HSK5-1243;HSK5 / 1201-1250
Mut;yǒngqì;Nomen;;courage;勇气;;HSK5-1244;HSK5 / 1201-1250
verwenden;yòngtú;Nomen;;use, purpose;用途;;HSK5-1245;HSK5 / 1201-1250
Kindergarten;yòuéryuán;Nomen;;kindergarten;幼儿园;;HSK5-1246;HSK5 / 1201-1250
Rabatt;yōuhuì;Nomen;;favorable treatment;优惠;;HSK5-1247;HSK5 / 1201-1250
lang;yōujiǔ;Adjektiv;;long (of history);悠久;;HSK5-1248;HSK5 / 1201-1250
Tour;yóulǎn;Verb;;to go sightseeing;游览;;HSK5-1249;HSK5 / 1201-1250
günstig;yǒulì;Adjektiv;;advantageous, favorable;有利;;HSK5-1250;HSK5 / 1201-1250
* HSK 5;* HSK 5;* HSK 5;* HSK 5;* HSK 5;* HSK 5;* HSK 5;* HSK 5;* HSK 5
Schön;yōuměi;Adjektiv;;graceful, fine;优美;;HSK5-1251;HSK5 / 1251-1300
Vorteile;yōushì;Nomen;;advantage;优势;;HSK5-1252;HSK5 / 1251-1300
zögern;yóuyù;Verb;;to hesitate;犹豫;;HSK5-1253;HSK5 / 1251-1300
Frittiert;yóuzhá;Verb;;to deep-fry;油炸;;HSK5-1254;HSK5 / 1251-1300
runden;yuán;Adjektiv;;round;圆;;HSK5-1255;HSK5 / 1251-1300
Neujahr;Yuándàn;Nomen;;New Year's Day;元旦;;HSK5-1256;HSK5 / 1251-1300
Personal;yuángōng;Nomen;;employee, staff;员工;;HSK5-1257;HSK5 / 1251-1300
Rohstoff;yuánliào;Nomen;;raw material;原料;;HSK5-1258;HSK5 / 1251-1300
Wunsch;yuànwàng;Nomen;;desire;愿望;;HSK5-1259;HSK5 / 1251-1300
grundsätzlich;yuánzé;Nomen;;principle;原则;;HSK5-1260;HSK5 / 1251-1300
Vorhersage;yùbào;Nomen;;forecast;预报;;HSK5-1261;HSK5 / 1251-1300
Vorhersage;yùbào;Verb;;to forecast;预报;;HSK5-1262;HSK5 / 1251-1300
Buchung;yùdìng;Verb;;to place an order;预订;;HSK5-1263;HSK5 / 1251-1300
Musikinstrumente;yuèqì;Nomen;;musical instrument;乐器;;HSK5-1264;HSK5 / 1251-1300
Verhütung;yùfáng;Verb;;to prevent;预防;;HSK5-1265;HSK5 / 1251-1300
Unterhaltung;yúlè;Nomen;;entertainment;娱乐;;HSK5-1266;HSK5 / 1251-1300
Mais;yùmǐ;Nomen;;corn;玉米;;HSK5-1267;HSK5 / 1251-1300
schwach;yūn;Adjektiv;;dizzy;晕;;HSK5-1268;HSK5 / 1251-1300
Glück;yùnqi;Nomen;;luck;运气;;HSK5-1269;HSK5 / 1251-1300
Transport;yùnshū;Nomen;;transport;运输;;HSK5-1270;HSK5 / 1251-1300
verwenden;yùnyòng;Verb;;to put to use;运用;;HSK5-1271;HSK5 / 1251-1300
Mit;yǔqí;Konjunktion;;rather than...;与其;;HSK5-1272;HSK5 / 1251-1300
Ton;yǔqì;Nomen;;tone of voice;语气;;HSK5-1273;HSK5 / 1251-1300
Katastrophe;zāihài;Nomen;;disaster;灾害;;HSK5-1274;HSK5 / 1251-1300
Pflege;zàihu;Verb;;to care (about), to mind;在乎;;HSK5-1275;HSK5 / 1251-1300
wiederholt;zàisān;Adverb;;again and again;再三;;HSK5-1276;HSK5 / 1251-1300
In;zàiyú;Verb;;to lie in;在于;;HSK5-1277;HSK5 / 1251-1300
Zustimmen;zànchéng;Verb;;to approve;赞成;;HSK5-1278;HSK5 / 1251-1300
Lob;zànměi;Verb;;to praise, to speak highly of;赞美;;HSK5-1279;HSK5 / 1251-1300
Ursache;zàochéng;Verb;;to create (a situation);造成;;HSK5-1280;HSK5 / 1251-1300
Hoppla;zāogāo;Adjektiv;;terrible (of s situation);糟糕;;HSK5-1281;HSK5 / 1251-1300
Aber;zé;Konjunktion;;(conjunction used to express contrast with a previous clause) but;则;;HSK5-1282;HSK5 / 1251-1300
beschuldigen;zébèi;Verb;;to blame;责备;;HSK5-1283;HSK5 / 1251-1300
eng;zhǎi;Adjektiv;;narrow;窄;;HSK5-1284;HSK5 / 1251-1300
Abstrakt;zhāi;Verb;;"to take off an accessory; to pick (fruit, etc.)";摘;;HSK5-1285;HSK5 / 1251-1300
besetzen;zhàn;Verb;;"to occupy; to comprise";占;;HSK5-1286;HSK5 / 1251-1300
erheben;zhǎng;Verb;;to rise (of prices, water levels);涨;;HSK5-1287;HSK5 / 1251-1300
ältere;zhǎngbèi;Nomen;;older generation;长辈;;HSK5-1288;HSK5 / 1251-1300
Konto;zhànghù;Nomen;;bank account;账户;;HSK5-1289;HSK5 / 1251-1300
Master;zhǎngwò;Verb;;to master (a skill);掌握;;HSK5-1290;HSK5 / 1251-1300
Expandieren;zhǎnkāi;Verb;;to unfold;展开;;HSK5-1291;HSK5 / 1251-1300
Ausstellung;zhǎnlǎn;Nomen;;exhibit, display;展览;;HSK5-1292;HSK5 / 1251-1300
Paste;zhāntiē;Verb;;to paste (text);粘贴;;HSK5-1293;HSK5 / 1251-1300
Krieg;zhànzhēng;Nomen;;war;战争;;HSK5-1294;HSK5 / 1251-1300
wie gewöhnlich;zhàocháng;Adverb;;as usual;照常;;HSK5-1295;HSK5 / 1251-1300
unterhalten;zhāodài;Verb;;to receive (guests);招待;;HSK5-1296;HSK5 / 1251-1300
in Brand;zháohuǒ;Verb;;to ignite a fire;着火;;HSK5-1297;HSK5 / 1251-1300
einberufen;zhàokāi;Verb;;to convene (a conference or meeting);召开;;HSK5-1298;HSK5 / 1251-1300
sich eine Erkältung einfangen;zháoliáng;Verb;;to get a chill;着凉;;HSK5-1299;HSK5 / 1251-1300
Bildung;zhèn;ZEW;;[measure word for states of short duration];阵;;HSK5-1300;HSK5 / 1251-1300
* HSK 5;* HSK 5;* HSK 5;* HSK 5;* HSK 5;* HSK 5;* HSK 5;* HSK 5;* HSK 5
Vibration;zhèndòng;Verb;;to vibrate;振动;;HSK5-1301;HSK5 / 1301-1350
Diagnose;zhěnduàn;Nomen;;diagnosis;诊断;;HSK5-1302;HSK5 / 1301-1350
Diagnose;zhěnduàn;Verb;;to diagnose;诊断;;HSK5-1303;HSK5 / 1301-1350
gegen;zhēnduì;Verb;;be aimed at;针对;;HSK5-1304;HSK5 / 1301-1350
Nur;zhèng;Adjektiv;;"just (right); straight; correct";正;;HSK5-1305;HSK5 / 1301-1350
Augen auf;zhēng;Verb;;to open (one's eyes);睁;;HSK5-1306;HSK5 / 1301-1350
verdienen;zhēng;Verb;;to struggle for, to vie for;挣;;HSK5-1307;HSK5 / 1301-1350
gesamte;zhěng gè;Adjektiv;;the entire (thing);整个;;HSK5-1308;HSK5 / 1301-1350
Regierung;zhèngfǔ;Nomen;;government;政府;;HSK5-1309;HSK5 / 1301-1350
AUSWEIS;zhèngjiàn;Nomen;;official document;证件;;HSK5-1310;HSK5 / 1301-1350
Beweis;zhèngjù;Nomen;;evidence;证据;;HSK5-1311;HSK5 / 1301-1350
Debatte;zhēnglùn;Nomen;;argument;争论;;HSK5-1312;HSK5 / 1301-1350
Debatte;zhēnglùn;Verb;;to argue, to debate;争论;;HSK5-1313;HSK5 / 1301-1350
ordentlich;zhěngqí;Adjektiv;;neat, tidy;整齐;;HSK5-1314;HSK5 / 1301-1350
suchen;zhēngqiú;Verb;;to request (opinions, feedback etc);征求;;HSK5-1315;HSK5 / 1301-1350
Streben;zhēngqǔ;Verb;;to fight for;争取;;HSK5-1316;HSK5 / 1301-1350
gesamt;zhěngtǐ;Nomen;;whole entity;整体;;HSK5-1317;HSK5 / 1301-1350
Politik;zhèngzhì;Nomen;;politics;政治;;HSK5-1318;HSK5 / 1301-1350
Wirklichkeit;zhēnshí;Adjektiv;;true, real;真实;;HSK5-1319;HSK5 / 1301-1350
schätzen;zhēnxī;Verb;;to cherish, to value;珍惜;;HSK5-1320;HSK5 / 1301-1350
Philosophie;zhéxué;Nomen;;philosophy;哲学;;HSK5-1321;HSK5 / 1301-1350
gerade;zhí;Adjektiv;;straight;直;;HSK5-1322;HSK5 / 1301-1350
Zweig;zhī;ZEW;;[measure word for pens];支;;HSK5-1323;HSK5 / 1301-1350
Führung;zhǐdǎo;Nomen;;guidance;指导;;HSK5-1324;HSK5 / 1301-1350
Führung;zhǐdǎo;Verb;;to guide, to direct;指导;;HSK5-1325;HSK5 / 1301-1350
Formulieren;zhìdìng;Verb;;to make, to draft, to formulate;制定;;HSK5-1326;HSK5 / 1301-1350
System;zhìdù;Nomen;;system, institution;制度;;HSK5-1327;HSK5 / 1301-1350
Weisheit;zhìhuì;Nomen;;wisdom, intelligence;智慧;;HSK5-1328;HSK5 / 1301-1350
Befehl;zhǐhuī;Verb;;to conduct;指挥;;HSK5-1329;HSK5 / 1301-1350
miteinander ausgehen;zhìjīn;Adverb;;until now;至今;;HSK5-1330;HSK5 / 1301-1350
behandeln;zhìliáo;Nomen;;medical treatment;治疗;;HSK5-1331;HSK5 / 1301-1350
behandeln;zhìliáo;Verb;;to treat (an illness);治疗;;HSK5-1332;HSK5 / 1301-1350
Überprüfen;zhīpiào;Nomen;;(bank) cheque;支票;;HSK5-1333;HSK5 / 1301-1350
Befehl;zhìxù;Nomen;;social order;秩序;;HSK5-1334;HSK5 / 1301-1350
Was … betrifft;zhìyú;Konjunktion;;as for, to go so far as;至于;;HSK5-1335;HSK5 / 1301-1350
Freiwilliger;zhìyuànzhě;Nomen;;a volunteer;志愿者;;HSK5-1336;HSK5 / 1301-1350
Herstellung;zhìzào;Verb;;to manufacture;制造;;HSK5-1337;HSK5 / 1301-1350
Lizenz;zhízhào;Nomen;;license (e.g. driver's license), permit;执照;;HSK5-1338;HSK5 / 1301-1350
Produktion;zhìzuò;Verb;;to make, to create, to manufacture;制作;;HSK5-1339;HSK5 / 1301-1350
wesentlich;zhòngdà;Adjektiv;;great;重大;;HSK5-1340;HSK5 / 1301-1350
Vermittler;zhōngjiè;Nomen;;agent;中介;;HSK5-1341;HSK5 / 1301-1350
Typ;zhǒnglèi;Nomen;;type, variety, class;种类;;HSK5-1342;HSK5 / 1301-1350
Gewicht;zhòngliàng;Nomen;;weight;重量;;HSK5-1343;HSK5 / 1301-1350
Center;zhōngxīn;Nomen;;center;中心;;HSK5-1344;HSK5 / 1301-1350
Mitte des Monats;zhōngxún;Nomen;;the middle (10 days) of a month;中旬;;HSK5-1345;HSK5 / 1301-1350
nachdenklich;zhōudào;Adjektiv;;considerate, attentive, thorough (in some activity);周到;;HSK5-1346;HSK5 / 1301-1350
kochen;zhǔ;Verb;;to boil;煮;;HSK5-1347;HSK5 / 1301-1350
Schwein;zhū;Nomen;;pig, swine;猪;;HSK5-1348;HSK5 / 1301-1350
Fassen;zhuā;Verb;;to catch;抓;;HSK5-1349;HSK5 / 1301-1350
Achten Sie genau darauf;zhuājǐn;Verb;;to grasp;抓紧;;HSK5-1350;HSK5 / 1301-1350
* HSK 5;* HSK 5;* HSK 5;* HSK 5;* HSK 5;* HSK 5;* HSK 5;* HSK 5;* HSK 5
ändern;zhuǎnbiàn;Verb;;to transform;转变;;HSK5-1351;HSK5 / 1351-1415
Kollidieren;zhuàng;Verb;;to crash (into);撞;;HSK5-1352;HSK5 / 1351-1415
Pack;zhuāng;Verb;;"to install; to pretend";装;;HSK5-1353;HSK5 / 1351-1415
Erzählen;zhuǎngào;Verb;;to deliver a message;转告;;HSK5-1354;HSK5 / 1351-1415
Situation;zhuàngkuàng;Nomen;;condition, state, situation;状况;;HSK5-1355;HSK5 / 1351-1415
schmücken;zhuāngshì;Nomen;;decoration;装饰;;HSK5-1356;HSK5 / 1351-1415
schmücken;zhuāngshì;Verb;;to decorate;装饰;;HSK5-1357;HSK5 / 1351-1415
Zustand;zhuàngtài;Nomen;;state, condition;状态;;HSK5-1358;HSK5 / 1351-1415
liefern;zhuāngxiū;Verb;;to renovate;装修;;HSK5-1359;HSK5 / 1351-1415
Experte;zhuānjiā;Nomen;;expert;专家;;HSK5-1360;HSK5 / 1351-1415
konzentrieren;zhuānxīn;Verb;;to be absorbed in;专心;;HSK5-1361;HSK5 / 1351-1415
Schrittweise;zhúbù;Adverb;;progressively, by steps;逐步;;HSK5-1362;HSK5 / 1351-1415
registrieren;zhùcè;Verb;;to register;注册;;HSK5-1363;HSK5 / 1351-1415
Gastgeber;zhǔchí;Verb;;to host (an event);主持;;HSK5-1364;HSK5 / 1351-1415
Initiative;zhǔdòng;Adjektiv;;proactive;主动;;HSK5-1365;HSK5 / 1351-1415
Initiative;zhǔdòng;Verb;;to take the initiative to (do something);主动;;HSK5-1366;HSK5 / 1351-1415
segnen;zhùfú;Nomen;;blessings;祝福;;HSK5-1367;HSK5 / 1351-1415
segnen;zhùfú;Verb;;to wish someone well;祝福;;HSK5-1368;HSK5 / 1351-1415
subjektiv;zhǔguān;Adjektiv;;subjective;主观;;HSK5-1369;HSK5 / 1351-1415
Verfolgungsjagd;zhuī;Verb;;to pursue;追;;HSK5-1370;HSK5 / 1351-1415
Verfolgen;zhuīqiú;Verb;;to pursue (a goal, a love interest, etc.);追求;;HSK5-1371;HSK5 / 1351-1415
schrittweise;zhújiàn;Adjektiv;;gradual;逐渐;;HSK5-1372;HSK5 / 1351-1415
schrittweise;zhújiàn;Adverb;;gradually;逐渐;;HSK5-1373;HSK5 / 1351-1415
Eigentümer;zhǔrén;Nomen;;master, host;主人;;HSK5-1374;HSK5 / 1351-1415
Direktor;zhǔrèn;Nomen;;director;主任;;HSK5-1375;HSK5 / 1351-1415
Thema;zhǔtí;Nomen;;theme;主题;;HSK5-1376;HSK5 / 1351-1415
Präsident;zhǔxí;Nomen;;chairman, chairperson;主席;;HSK5-1377;HSK5 / 1351-1415
Interessenvertretung;zhǔzhāng;Verb;;to advocate, to stand for (a certain position);主张;;HSK5-1378;HSK5 / 1351-1415
Bambus;zhúzi;Nomen;;bamboo;竹子;;HSK5-1379;HSK5 / 1351-1415
lila;zǐ;Nomen;;purple;紫;;HSK5-1380;HSK5 / 1351-1415
seit;zìcóng;Konjunktion;;"since (a time); ever since (something happened)";自从;;HSK5-1381;HSK5 / 1351-1415
automatisch;zìdòng;Adjektiv;;automatic;自动;;HSK5-1382;HSK5 / 1351-1415
Qualifikationen;zīgé;Nomen;;qualifications;资格;;HSK5-1383;HSK5 / 1351-1415
Stolz;zìháo;Adjektiv;;proud (of one's achievements etc);自豪;;HSK5-1384;HSK5 / 1351-1415
Mittel;zījīn;Nomen;;funds;资金;;HSK5-1385;HSK5 / 1351-1415
bewusst;zìjué;Adjektiv;;self-aware;自觉;;HSK5-1386;HSK5 / 1351-1415
Material;zīliào;Nomen;;information;资料;;HSK5-1387;HSK5 / 1351-1415
Untertitel;zìmù;Nomen;;subtitles;字幕;;HSK5-1388;HSK5 / 1351-1415
Brief;zìmǔ;Nomen;;letter (of the alphabet);字母;;HSK5-1389;HSK5 / 1351-1415
Haltung;zīshì;Nomen;;posture, position;姿势;;HSK5-1390;HSK5 / 1351-1415
Egoistisch;zìsī;Adjektiv;;selfish;自私;;HSK5-1391;HSK5 / 1351-1415
konsultieren;zīxún;Verb;;to consult;咨询;;HSK5-1392;HSK5 / 1351-1415
frei;zìyóu;Adjektiv;;free (as a bird);自由;;HSK5-1393;HSK5 / 1351-1415
frei;zìyóu;Nomen;;freedom, liberty;自由;;HSK5-1394;HSK5 / 1351-1415
freiwillig;zìyuàn;Verb;;to act voluntarily;自愿;;HSK5-1395;HSK5 / 1351-1415
Ressource;zīyuán;Nomen;;resource(s);资源;;HSK5-1396;HSK5 / 1351-1415
Präsident;zǒngcái;Nomen;;director, CEO;总裁;;HSK5-1397;HSK5 / 1351-1415
Gesamt;zǒnggòng;Verb;;in total;总共;;HSK5-1398;HSK5 / 1351-1415
umfassend;zōnghé;Verb;;to consolidate;综合;;HSK5-1399;HSK5 / 1351-1415
Premierminister;zǒnglǐ;Nomen;;premier;总理;;HSK5-1400;HSK5 / 1351-1415
Endlich;zǒngsuàn;Adverb;;finally;总算;;HSK5-1401;HSK5 / 1351-1415
Präsident;zǒngtǒng;Nomen;;president (of a country);总统;;HSK5-1402;HSK5 / 1351-1415
Abschließend;zǒngzhī;Konjunktion;;in a word, in brief;总之;;HSK5-1403;HSK5 / 1351-1415
Gruppe;zǔ;Nomen;;group;组;;HSK5-1404;HSK5 / 1351-1415
Zusammensetzung;zǔchéng;Verb;;to form, to make up;组成;;HSK5-1405;HSK5 / 1351-1415
Kombination;zǔhé;Verb;;to combine;组合;;HSK5-1406;HSK5 / 1351-1415
betrunken;zuì;Verb;;to become intoxicated;醉;;HSK5-1407;HSK5 / 1351-1415
anfänglich;zuìchū;Adjektiv;;initial;最初;;HSK5-1408;HSK5 / 1351-1415
Respektieren;zūnjìng;Verb;;to respect;尊敬;;HSK5-1409;HSK5 / 1351-1415
gehorchen;zūnshǒu;Verb;;to obey, to abide by (some rules);遵守;;HSK5-1410;HSK5 / 1351-1415
arbeiten;zuòpǐn;Nomen;;work (of art);作品;;HSK5-1411;HSK5 / 1351-1415
Als;zuòwéi;Verb;;to act as...;作为;;HSK5-1412;HSK5 / 1351-1415
Zusammensetzung;zuòwén;Nomen;;composition (student essay);作文;;HSK5-1413;HSK5 / 1351-1415
Verhindern;zǔzhǐ;Verb;;to prevent, to block;阻止;;HSK5-1414;HSK5 / 1351-1415
organisieren;zǔzhī;Verb;;to organize;组织;;HSK5-1415;HSK5 / 1351-1415
